date,pm10,pm2_5,carbon_monoxide,nitrogen_dioxide,sulphur_dioxide,ozone,aerosol_optical_depth,dust,uv_index,us_aqi,european_aqi
2022-08-01,,,,,,,,,,,
2022-08-02,,,,,,,,,,,
2022-08-03,,,,,,,,,,,
2022-08-04,60.37894736842105,28.036842105263162,495.2105263157895,22.426315789473687,24.389473684210525,62.36842105263158,0.8068421052631579,47.21052631578947,2.1,,
2022-08-05,58.3375,28.212500000000002,507.4166666666667,22.724999999999998,24.879166666666666,53.5,0.7941666666666666,42.75,1.5270833333333333,82.26315789473684,63.0
2022-08-06,51.71666666666667,27.46666666666667,431.9583333333333,22.1375,19.204166666666666,44.166666666666664,0.8775,31.666666666666668,0.9249999999999999,83.83333333333333,62.583333333333336
2022-08-07,89.125,57.62916666666666,944.125,39.291666666666664,42.90833333333333,148.08333333333334,0.6829166666666667,15.458333333333334,1.9208333333333334,147.25,76.125
2022-08-08,103.12916666666666,64.52083333333333,1150.5,46.79583333333333,55.06666666666666,122.875,0.69,24.458333333333332,1.6854166666666668,176.75,89.45833333333333
2022-08-09,77.5625,54.0375,849.0,50.87083333333334,45.22083333333333,84.29166666666667,0.5741666666666666,1.375,1.2708333333333333,152.5,88.625
2022-08-10,156.36666666666667,108.3875,1297.5833333333333,65.39166666666667,51.6625,104.79166666666667,0.54875,4.416666666666667,1.3791666666666667,157.66666666666666,101.70833333333333
2022-08-11,122.84583333333332,83.28750000000001,1163.0416666666667,49.07083333333333,52.00833333333333,146.29166666666666,0.545,10.166666666666666,1.5374999999999999,200.41666666666666,120.25
2022-08-12,49.291666666666664,31.21666666666667,605.75,34.49166666666667,32.987500000000004,82.20833333333333,0.37000000000000005,13.583333333333334,1.3375000000000001,138.375,88.66666666666667
2022-08-13,48.94166666666667,32.137499999999996,704.0,35.56666666666667,49.34583333333333,94.0,0.26,3.0833333333333335,1.9541666666666666,99.75,66.125
2022-08-14,39.90833333333333,24.97083333333333,475.9166666666667,20.325,27.833333333333332,99.5,0.3129166666666667,3.375,2.0437499999999997,105.08333333333333,66.20833333333333
2022-08-15,38.449999999999996,25.370833333333334,678.125,47.37916666666666,53.9125,58.875,0.36041666666666666,2.9583333333333335,1.1354166666666667,79.54166666666667,61.041666666666664
2022-08-16,43.645833333333336,28.066666666666666,644.25,39.541666666666664,38.458333333333336,70.70833333333333,0.42124999999999996,9.416666666666666,1.15625,77.95833333333333,58.708333333333336
2022-08-17,28.791666666666668,19.054166666666667,435.0416666666667,21.5125,18.7625,81.375,0.5470833333333334,2.625,1.2708333333333333,79.54166666666667,57.75
2022-08-18,42.03333333333333,22.233333333333334,271.5,13.645833333333334,11.458333333333334,47.875,0.5316666666666666,19.541666666666668,0.8895833333333334,66.70833333333333,40.291666666666664
2022-08-19,46.512499999999996,22.099999999999998,234.125,12.4,11.137500000000001,35.208333333333336,0.6404166666666666,28.583333333333332,0.5979166666666667,73.45833333333333,55.625
2022-08-20,49.39166666666667,22.729166666666668,275.9583333333333,13.166666666666666,13.683333333333332,44.125,0.6458333333333334,33.75,1.3708333333333333,71.70833333333333,54.166666666666664
2022-08-21,53.56666666666666,24.104166666666668,314.0,14.854166666666666,16.220833333333335,48.541666666666664,0.6329166666666667,40.125,1.3895833333333334,74.16666666666667,60.25
2022-08-22,55.3375,24.116666666666664,307.125,13.975,14.3375,53.291666666666664,0.5558333333333333,46.666666666666664,1.9625000000000001,74.91666666666667,61.125
2022-08-23,52.99583333333334,23.854166666666668,358.0833333333333,16.650000000000002,16.541666666666668,47.666666666666664,0.6275000000000001,46.583333333333336,1.33125,75.83333333333333,61.875
2022-08-24,56.199999999999996,25.383333333333336,296.0,15.275,12.799999999999999,42.916666666666664,0.7733333333333333,46.833333333333336,0.7395833333333334,76.66666666666667,61.541666666666664
2022-08-25,58.25416666666666,26.9875,254.5,11.987499999999999,11.029166666666667,51.166666666666664,0.725,38.916666666666664,1.4583333333333333,80.5,63.208333333333336
2022-08-26,60.49583333333334,27.383333333333336,278.5833333333333,13.5875,13.225,54.333333333333336,0.7266666666666667,46.0,1.6166666666666665,82.875,63.875
2022-08-27,50.5,23.95,283.0416666666667,13.116666666666667,12.829166666666666,52.833333333333336,0.6520833333333333,34.083333333333336,1.6520833333333333,79.16666666666667,62.25
2022-08-28,41.18333333333333,20.541666666666668,251.75,10.945833333333333,10.629166666666666,56.375,0.48374999999999996,20.375,1.7791666666666668,72.29166666666667,52.458333333333336
2022-08-29,43.75833333333333,21.97083333333333,308.9583333333333,14.6625,13.3125,54.5,0.4770833333333333,21.333333333333332,1.8145833333333334,68.0,41.958333333333336
2022-08-30,47.275,23.479166666666668,391.5,19.337500000000002,17.533333333333335,54.916666666666664,0.5508333333333334,27.666666666666668,1.7125000000000001,74.375,53.875
2022-08-31,40.59583333333333,20.55,359.2916666666667,16.979166666666668,16.670833333333334,58.625,0.5079166666666667,23.5,1.8958333333333333,71.70833333333333,49.541666666666664
2022-09-01,30.870833333333334,16.2375,290.625,13.029166666666667,12.679166666666667,52.416666666666664,0.3983333333333334,12.375,1.98125,62.916666666666664,36.666666666666664
2022-09-02,37.5875,19.216666666666665,362.25,16.349999999999998,16.329166666666666,60.375,0.36916666666666664,18.833333333333332,1.9375,61.708333333333336,38.708333333333336
2022-09-03,35.12916666666667,19.079166666666666,298.2083333333333,11.720833333333333,12.35,51.875,0.3383333333333334,14.041666666666666,1.9854166666666666,63.375,36.875
2022-09-04,51.92916666666667,28.59583333333333,274.0416666666667,10.020833333333334,9.9375,49.916666666666664,0.38375,17.083333333333332,1.9166666666666667,74.83333333333333,50.666666666666664
2022-09-05,41.65833333333333,21.433333333333334,258.2916666666667,10.887500000000001,11.354166666666666,56.041666666666664,0.42208333333333337,15.333333333333334,1.7833333333333334,80.04166666666667,56.916666666666664
2022-09-06,44.050000000000004,23.641666666666666,354.7083333333333,16.416666666666668,17.4875,64.20833333333333,0.4891666666666667,14.875,1.7,71.95833333333333,50.0
2022-09-07,43.0875,23.833333333333332,480.625,23.608333333333334,23.379166666666666,61.208333333333336,0.6095833333333334,15.833333333333334,1.6708333333333334,74.33333333333333,55.25
2022-09-08,60.65416666666667,36.36666666666667,766.875,34.729166666666664,33.11666666666667,94.79166666666667,0.4154166666666667,15.916666666666666,2.154166666666667,109.04166666666667,64.16666666666667
2022-09-09,83.34166666666667,52.87916666666666,798.375,31.3,29.929166666666664,122.16666666666667,0.5425000000000001,14.125,1.9124999999999999,141.33333333333334,76.75
2022-09-10,126.83333333333333,84.8625,1069.4583333333333,38.979166666666664,36.55416666666667,165.29166666666666,0.6995833333333333,9.791666666666666,1.6500000000000001,192.91666666666666,94.29166666666667
2022-09-11,64.47500000000001,41.458333333333336,754.0,28.204166666666666,30.820833333333336,114.0,0.6358333333333334,8.375,1.6416666666666666,174.625,97.83333333333333
2022-09-12,98.10000000000001,64.35833333333333,973.875,38.19166666666667,36.93333333333333,143.625,1.105,11.458333333333334,1.1666666666666667,162.83333333333334,81.5
2022-09-13,69.3625,43.875,893.25,40.4875,38.25416666666667,101.125,1.1166666666666667,13.083333333333334,1.20625,167.125,89.29166666666667
2022-09-14,41.07083333333333,23.616666666666664,527.9583333333334,23.03333333333333,22.22083333333333,59.333333333333336,0.77375,13.375,1.6020833333333335,98.70833333333333,66.875
2022-09-15,36.30833333333333,19.683333333333334,293.3333333333333,11.508333333333333,11.75,57.791666666666664,0.56375,11.958333333333334,1.8187499999999999,70.29166666666667,46.541666666666664
2022-09-16,47.07083333333333,24.53333333333333,240.91666666666666,8.883333333333333,8.6,65.45833333333333,0.44083333333333335,17.083333333333332,1.8187499999999999,72.125,49.583333333333336
2022-09-17,57.275,28.0125,269.4166666666667,11.895833333333334,10.658333333333333,69.16666666666667,0.5441666666666667,26.75,1.6854166666666666,79.70833333333333,60.666666666666664
2022-09-18,60.958333333333336,29.791666666666668,346.7916666666667,17.054166666666667,15.012500000000001,66.58333333333333,0.545,34.875,1.6312499999999999,87.54166666666667,64.58333333333333
2022-09-19,52.17916666666667,25.425,352.0,16.520833333333332,14.595833333333333,64.5,0.35000000000000003,32.625,1.9354166666666668,83.79166666666667,62.583333333333336
2022-09-20,39.475,19.241666666666667,252.5,11.358333333333334,10.020833333333334,63.666666666666664,0.30624999999999997,22.958333333333332,1.9749999999999999,71.625,51.333333333333336
2022-09-21,37.1875,17.754166666666666,242.625,11.4375,9.495833333333334,63.125,0.30875,21.666666666666668,1.8,63.25,37.625
2022-09-22,36.208333333333336,17.591666666666665,236.29166666666666,10.8375,9.283333333333333,61.458333333333336,0.3558333333333334,19.708333333333332,1.8,62.0,36.875
2022-09-23,37.24166666666667,17.666666666666668,199.125,8.275,7.658333333333334,63.0,0.4033333333333333,19.625,1.64375,61.75,36.166666666666664
2022-09-24,38.862500000000004,19.970833333333335,214.16666666666666,9.25,8.245833333333334,64.91666666666667,0.38375000000000004,13.208333333333334,1.5062499999999999,63.916666666666664,38.166666666666664
2022-09-25,41.983333333333334,21.933333333333334,242.625,11.5875,10.15,63.916666666666664,0.42916666666666664,10.833333333333334,1.5145833333333334,68.45833333333333,42.875
2022-09-26,42.166666666666664,22.620833333333334,324.8333333333333,15.5875,14.5625,63.666666666666664,0.41583333333333333,11.333333333333334,1.6041666666666667,73.04166666666667,51.416666666666664
2022-09-27,37.979166666666664,19.962500000000002,349.25,16.770833333333332,15.395833333333334,62.083333333333336,0.38125000000000003,16.708333333333332,1.6812500000000001,70.58333333333333,47.958333333333336
2022-09-28,31.912499999999998,16.295833333333334,278.875,13.620833333333335,11.883333333333333,61.75,0.24625,14.791666666666666,1.8833333333333335,62.208333333333336,36.708333333333336
2022-09-29,30.462500000000002,15.895833333333334,245.54166666666666,11.1,10.729166666666666,67.45833333333333,0.22458333333333333,12.291666666666666,1.8604166666666666,59.333333333333336,34.625
2022-09-30,26.599999999999998,15.025,290.5416666666667,13.358333333333334,13.758333333333333,68.125,0.13125,5.416666666666667,1.9708333333333332,56.958333333333336,33.25
2022-10-01,22.375,12.791666666666666,219.125,9.729166666666666,10.904166666666667,56.875,0.14625000000000002,3.125,1.95,54.541666666666664,29.458333333333332
2022-10-02,21.945833333333336,12.504166666666668,240.95833333333334,12.083333333333334,12.15,53.666666666666664,0.19583333333333333,2.5833333333333335,1.6666666666666667,50.625,26.916666666666668
2022-10-03,27.2375,13.870833333333332,263.5,13.991666666666667,12.125,60.333333333333336,0.22541666666666668,12.791666666666666,1.5333333333333334,52.416666666666664,30.083333333333332
2022-10-04,28.71666666666667,14.025,256.2083333333333,12.674999999999999,11.225,59.958333333333336,0.26833333333333337,16.666666666666668,1.6645833333333335,54.0,31.041666666666668
2022-10-05,37.0375,16.270833333333332,292.125,13.408333333333333,12.279166666666667,61.208333333333336,0.26833333333333337,29.083333333333332,1.7750000000000001,56.041666666666664,33.791666666666664
2022-10-06,45.52916666666667,20.041666666666668,360.4166666666667,16.695833333333333,15.679166666666667,67.125,0.19125,37.958333333333336,1.8541666666666667,62.958333333333336,46.125
2022-10-07,66.17916666666666,37.300000000000004,617.7083333333334,27.2375,28.425,97.75,0.3045833333333334,30.833333333333332,1.6624999999999999,93.41666666666667,61.25
2022-10-08,75.21249999999999,49.020833333333336,543.2083333333334,25.829166666666666,26.412499999999998,130.41666666666666,0.3879166666666667,14.291666666666666,1.3145833333333334,138.83333333333334,76.54166666666667
2022-10-09,135.09166666666667,90.69166666666666,907.5833333333334,30.254166666666666,35.795833333333334,205.25,0.4191666666666667,14.958333333333334,1.4291666666666665,189.45833333333334,95.375
2022-10-10,96.42916666666667,59.012499999999996,1030.9166666666667,44.44583333333333,45.300000000000004,125.45833333333333,0.3233333333333333,29.833333333333332,1.575,183.95833333333334,105.45833333333333
2022-10-11,82.59583333333333,49.083333333333336,1067.5416666666667,49.19166666666666,51.145833333333336,107.04166666666667,0.2041666666666667,31.416666666666668,1.6624999999999999,157.25,82.58333333333333
2022-10-12,60.7125,36.57083333333333,895.0833333333334,40.28333333333333,38.1125,102.29166666666667,0.16208333333333333,17.958333333333332,1.5958333333333332,141.625,77.25
2022-10-13,41.854166666666664,24.229166666666668,674.9166666666666,32.43333333333333,27.941666666666666,85.58333333333333,0.17500000000000002,14.458333333333334,1.6270833333333332,94.58333333333333,64.20833333333333
2022-10-14,50.94166666666666,30.833333333333332,760.8333333333334,37.25416666666667,36.25,91.04166666666667,0.155,13.958333333333334,1.6208333333333333,94.16666666666667,63.166666666666664
2022-10-15,54.71666666666667,34.05416666666667,767.5416666666666,36.53333333333333,36.43333333333333,106.33333333333333,0.18458333333333332,12.166666666666666,1.5562500000000001,118.0,68.66666666666667
2022-10-16,76.37083333333334,49.00833333333333,893.0416666666666,37.295833333333334,37.13333333333333,136.75,0.22916666666666666,13.958333333333334,1.5562500000000001,144.79166666666666,75.29166666666667
2022-10-17,69.47916666666667,44.604166666666664,761.3333333333334,35.55833333333333,33.21666666666667,120.33333333333333,0.21333333333333335,13.75,1.4770833333333335,157.41666666666666,81.125
2022-10-18,45.88333333333333,25.545833333333334,556.0833333333334,26.97083333333333,26.075,84.0,0.20583333333333334,18.291666666666668,1.5541666666666665,106.5,70.04166666666667
2022-10-19,42.7875,22.004166666666666,434.625,22.933333333333334,20.229166666666668,82.45833333333333,0.25458333333333333,21.0,1.4312500000000001,74.875,55.125
2022-10-20,40.104166666666664,19.883333333333333,393.3333333333333,19.662499999999998,18.5625,92.33333333333333,0.28833333333333333,18.458333333333332,1.3875,73.95833333333333,48.75
2022-10-21,111.64166666666667,71.88333333333334,854.7083333333334,35.12916666666667,44.675000000000004,134.58333333333334,0.39125000000000004,18.916666666666668,1.34375,123.04166666666667,67.29166666666667
2022-10-22,121.5125,80.125,837.5833333333334,36.18333333333333,32.887499999999996,126.54166666666667,0.5183333333333333,20.083333333333332,1.1895833333333334,170.33333333333334,104.66666666666667
2022-10-23,157.08333333333334,106.10833333333333,1616.6666666666667,70.90833333333333,57.09166666666667,173.54166666666666,0.39625,14.375,1.2375,202.54166666666666,116.16666666666667
2022-10-24,45.875,27.445833333333336,540.0,23.900000000000002,23.495833333333334,97.33333333333333,0.2791666666666667,6.541666666666667,1.3166666666666667,153.29166666666666,99.0
2022-10-25,43.958333333333336,22.866666666666664,294.5,12.679166666666667,10.845833333333333,98.5,0.295,11.541666666666666,1.2874999999999999,72.45833333333333,51.958333333333336
2022-10-26,53.11666666666667,28.729166666666668,395.6666666666667,18.2125,15.704166666666666,100.29166666666667,0.37958333333333333,14.958333333333334,1.2770833333333333,81.20833333333333,60.291666666666664
2022-10-27,52.57083333333333,28.5625,472.4583333333333,23.34166666666667,20.641666666666666,92.375,0.42041666666666666,19.208333333333332,1.1916666666666667,86.125,63.25
2022-10-28,55.612500000000004,30.645833333333332,523.7083333333334,26.995833333333334,23.75,84.08333333333333,0.40458333333333335,21.333333333333332,1.0104166666666667,88.75,64.20833333333333
2022-10-29,56.4,32.766666666666666,772.0416666666666,38.833333333333336,31.05,83.58333333333333,0.27958333333333335,18.25,1.3062500000000001,94.95833333333333,65.79166666666667
2022-10-30,58.30833333333334,33.2125,814.5,42.016666666666666,31.333333333333332,80.95833333333333,0.24875,24.583333333333332,1.3541666666666667,95.45833333333333,66.0
2022-10-31,52.92916666666667,27.504166666666666,593.0,30.275000000000002,22.925,71.58333333333333,0.27458333333333335,29.833333333333332,1.3062500000000001,93.625,66.0
2022-11-01,45.2125,23.5125,386.6666666666667,18.616666666666667,13.720833333333333,86.625,0.32208333333333333,19.25,1.1770833333333333,77.16666666666667,58.125
2022-11-02,48.262499999999996,28.108333333333334,496.625,22.962500000000002,18.470833333333335,97.58333333333333,0.2854166666666667,10.958333333333334,1.2479166666666666,83.45833333333333,60.541666666666664
2022-11-03,47.39166666666667,29.1375,573.1666666666666,27.116666666666664,20.954166666666666,96.54166666666667,0.2125,7.0,1.3041666666666667,89.58333333333333,63.541666666666664
2022-11-04,42.67916666666667,26.03333333333333,559.1666666666666,27.229166666666668,21.65416666666667,88.70833333333333,0.15916666666666665,6.75,1.3958333333333333,83.79166666666667,62.541666666666664
2022-11-05,56.27916666666667,35.020833333333336,576.7083333333334,27.166666666666668,22.183333333333334,101.04166666666667,0.17833333333333334,6.0,1.3770833333333334,90.79166666666667,64.625
2022-11-06,61.708333333333336,39.454166666666666,528.625,26.520833333333332,21.058333333333334,96.625,0.25333333333333335,4.5,1.2541666666666667,106.375,70.33333333333333
2022-11-07,54.0625,33.458333333333336,532.5,26.241666666666664,23.25,96.0,0.4370833333333333,6.125,0.8937499999999999,106.125,70.25
2022-11-08,90.39583333333333,57.24583333333334,630.7916666666666,22.183333333333334,32.15833333333333,117.33333333333333,0.6508333333333333,20.583333333333332,0.9479166666666666,111.70833333333333,71.41666666666667
2022-11-09,96.56666666666666,61.25,815.7083333333334,28.175,41.229166666666664,126.625,0.55875,18.25,1.0333333333333334,160.75,92.625
2022-11-10,65.53333333333333,38.77916666666667,816.8333333333334,36.50416666666667,43.0375,97.66666666666667,0.35041666666666665,20.166666666666668,1.1312499999999999,127.16666666666667,76.70833333333333
2022-11-11,126.28333333333335,83.5125,1351.4166666666667,64.92916666666666,62.0875,85.91666666666667,0.5808333333333333,17.333333333333332,0.94375,141.16666666666666,85.16666666666667
2022-11-12,120.85000000000001,78.39166666666667,1431.6666666666667,68.8625,53.67083333333333,90.04166666666667,0.46416666666666667,18.333333333333332,0.9812500000000001,174.54166666666666,115.75
2022-11-13,53.97083333333333,29.666666666666668,494.4583333333333,23.09583333333333,22.641666666666666,79.08333333333333,0.26625,20.083333333333332,1.0791666666666666,124.0,78.54166666666667
2022-11-14,50.71666666666667,24.166666666666668,376.2916666666667,15.958333333333334,17.791666666666668,85.33333333333333,0.29083333333333333,29.708333333333332,1.0833333333333333,77.375,56.958333333333336
2022-11-15,100.55,61.72083333333333,534.375,18.995833333333334,35.949999999999996,95.54166666666667,0.5875,33.083333333333336,0.9729166666666668,113.91666666666667,73.0
2022-11-16,100.32083333333333,64.52083333333333,693.75,26.962500000000002,42.170833333333334,116.29166666666667,0.5570833333333333,22.166666666666668,0.9416666666666668,153.83333333333334,90.33333333333333
2022-11-17,101.79166666666667,63.48333333333333,918.6666666666666,32.266666666666666,44.24166666666667,128.79166666666666,0.42291666666666666,20.708333333333332,0.9916666666666667,162.95833333333334,94.125
2022-11-18,73.53333333333333,42.354166666666664,716.8333333333334,28.65416666666667,33.791666666666664,100.29166666666667,0.2604166666666667,22.25,1.01875,144.625,83.5
2022-11-19,49.112500000000004,25.09166666666667,443.9583333333333,22.90833333333333,17.791666666666668,84.5,0.3145833333333333,23.833333333333332,1.0270833333333333,93.5,65.79166666666667
2022-11-20,77.19583333333334,48.074999999999996,655.25,31.833333333333332,30.991666666666664,90.08333333333333,0.5075,19.75,0.9020833333333332,92.25,64.875
2022-11-21,103.35833333333333,67.57083333333334,789.6666666666666,34.925,38.71666666666667,110.33333333333333,0.5958333333333333,17.875,0.8729166666666667,151.04166666666666,89.04166666666667
2022-11-22,105.25416666666666,67.74583333333334,1076.375,53.63333333333333,57.26666666666667,100.875,0.46666666666666673,15.708333333333334,1.0062499999999999,162.83333333333334,95.25
2022-11-23,102.99166666666667,68.64583333333333,869.4583333333334,37.954166666666666,50.25833333333333,108.45833333333333,0.3983333333333334,13.125,0.9979166666666667,156.0,93.58333333333333
2022-11-24,90.72916666666667,60.25416666666666,980.125,46.80833333333334,50.84583333333333,107.20833333333333,0.25708333333333333,7.458333333333333,1.0083333333333333,159.16666666666666,95.79166666666667
2022-11-25,61.93333333333334,33.88333333333333,809.2916666666666,39.69583333333333,35.0875,98.58333333333333,0.1729166666666667,24.916666666666668,1.09375,124.125,74.70833333333333
2022-11-26,85.77083333333333,56.63333333333333,1106.375,60.35833333333333,50.270833333333336,87.5,0.22708333333333333,10.25,1.0916666666666666,127.79166666666667,76.70833333333333
2022-11-27,59.59166666666667,37.96666666666667,877.1666666666666,44.02916666666667,41.5375,101.16666666666667,0.19791666666666666,8.083333333333334,1.0708333333333333,135.375,77.16666666666667
2022-11-28,98.925,67.675,1221.4583333333333,72.69583333333334,52.80833333333334,56.708333333333336,0.31375000000000003,5.041666666666667,1.0333333333333334,141.5,84.04166666666667
2022-11-29,84.32916666666667,57.80416666666667,728.3333333333334,41.36666666666667,32.84166666666667,77.29166666666667,0.27125,5.208333333333333,1.0541666666666667,152.79166666666666,88.70833333333333
2022-11-30,97.55833333333334,66.86666666666666,723.8333333333334,40.141666666666666,35.045833333333334,90.66666666666667,0.30583333333333335,6.75,1.04375,153.125,89.20833333333333
2022-12-01,105.71666666666665,72.13333333333334,788.2916666666666,41.233333333333334,40.916666666666664,93.625,0.3541666666666667,7.875,0.9833333333333334,157.125,95.125
2022-12-02,88.50416666666666,58.20416666666667,1009.5,53.9125,46.55833333333334,69.5,0.27291666666666664,6.375,1.0270833333333333,159.875,99.45833333333333
2022-12-03,75.09583333333333,46.40416666666667,741.0833333333334,46.333333333333336,46.32916666666667,67.20833333333333,0.28458333333333335,17.166666666666668,0.9874999999999999,112.08333333333333,72.33333333333333
2022-12-04,127.48333333333333,86.58749999999999,774.5833333333334,36.65833333333333,43.166666666666664,90.33333333333333,0.5466666666666666,10.5,0.8291666666666666,155.83333333333334,95.875
2022-12-05,125.79166666666667,82.28750000000001,1061.375,53.72083333333333,64.32083333333334,83.29166666666667,0.4291666666666667,18.083333333333332,0.9541666666666666,165.20833333333334,107.625
2022-12-06,150.17083333333332,101.125,1321.4583333333333,56.67083333333333,68.03333333333333,102.79166666666667,0.4483333333333333,14.208333333333334,0.8854166666666666,169.0,113.25
2022-12-07,129.02083333333334,87.85000000000001,1306.5833333333333,59.324999999999996,57.395833333333336,94.25,0.405,9.0,0.88125,169.83333333333334,114.41666666666667
2022-12-08,102.72916666666667,66.32916666666667,1403.8333333333333,69.95416666666667,52.00833333333333,71.5,0.2225,15.875,0.9666666666666667,167.04166666666666,110.25
2022-12-09,74.51666666666667,45.416666666666664,1021.75,49.30833333333334,44.40833333333333,88.08333333333333,0.20750000000000002,18.75,0.9354166666666667,129.41666666666666,77.66666666666667
2022-12-10,106.55,71.40833333333333,868.8333333333334,43.5875,42.166666666666664,75.45833333333333,0.4033333333333333,11.25,0.8583333333333334,148.41666666666666,87.29166666666667
2022-12-11,91.44166666666666,60.52916666666667,578.4166666666666,17.370833333333334,30.941666666666666,111.5,0.43291666666666667,13.75,0.8666666666666667,155.95833333333334,93.5
2022-12-12,85.375,54.637499999999996,765.9166666666666,34.94166666666667,30.666666666666668,95.75,0.40625,19.375,0.8541666666666666,145.45833333333334,83.45833333333333
2022-12-13,54.145833333333336,35.583333333333336,537.2916666666666,23.479166666666668,20.604166666666668,67.5,0.2175,8.541666666666666,1.6020833333333335,144.875,83.375
2022-12-14,0.9208333333333334,0.65,59.916666666666664,0.0,0.5291666666666667,30.375,0.037083333333333336,0.0,2.2583333333333333,46.458333333333336,31.333333333333332
2022-12-15,1.1666666666666667,0.8125,62.916666666666664,0.0,0.22916666666666666,34.0,0.03875,0.0,2.25,15.5,13.708333333333334
2022-12-16,71.24166666666666,47.65833333333333,969.4583333333334,47.12916666666666,41.708333333333336,79.08333333333333,0.11625,4.5,1.425,71.625,48.333333333333336
2022-12-17,79.60000000000001,52.82083333333333,1176.375,60.65416666666667,58.85,67.125,0.11541666666666667,8.375,1.0729166666666667,139.20833333333334,81.04166666666667
2022-12-18,113.27083333333333,77.22083333333333,1500.5,78.07916666666667,70.04166666666667,66.66666666666667,0.18125000000000002,8.041666666666666,1.0208333333333333,154.75,92.33333333333333
2022-12-19,108.06666666666666,71.14166666666667,1267.3333333333333,71.62916666666666,69.96666666666667,67.83333333333333,0.18916666666666668,15.5,0.9979166666666667,159.41666666666666,98.70833333333333
2022-12-20,75.21249999999999,47.229166666666664,1149.5833333333333,57.93333333333334,52.23333333333333,68.70833333333333,0.1925,18.75,0.9791666666666666,151.16666666666666,90.41666666666667
2022-12-21,84.46249999999999,53.93333333333334,754.125,47.2125,40.50833333333333,64.20833333333333,0.3204166666666666,21.0,0.9354166666666667,135.95833333333334,79.95833333333333
2022-12-22,59.36666666666667,37.666666666666664,587.375,32.025,33.55833333333333,72.45833333333333,0.2870833333333333,16.083333333333332,0.96875,124.45833333333333,76.25
2022-12-23,91.00833333333333,57.36666666666667,985.4583333333334,55.958333333333336,55.26666666666667,52.75,0.2579166666666667,22.916666666666668,0.9125,138.45833333333334,82.08333333333333
2022-12-24,68.20833333333333,44.00833333333333,762.2916666666666,48.6625,48.35833333333333,63.208333333333336,0.19833333333333333,13.375,0.9520833333333334,122.5,75.83333333333333
2022-12-25,86.35000000000001,58.104166666666664,716.4166666666666,35.1,40.795833333333334,92.75,0.32375,8.958333333333334,0.9041666666666667,135.20833333333334,79.91666666666667
2022-12-26,113.70416666666667,76.85000000000001,993.2916666666666,51.78333333333333,54.125,75.375,0.4458333333333333,8.75,0.8729166666666667,157.375,95.625
2022-12-27,101.10833333333333,67.91666666666667,763.4166666666666,31.15833333333333,45.11666666666667,88.0,0.4354166666666666,10.958333333333334,0.8624999999999999,158.875,97.83333333333333
2022-12-28,143.21666666666667,92.5,1454.7083333333333,56.675000000000004,72.72083333333333,106.70833333333333,0.41375,23.625,0.8854166666666666,166.08333333333334,101.29166666666667
2022-12-29,74.40833333333333,44.18333333333334,810.5,32.483333333333334,35.1625,98.79166666666667,0.3225,15.208333333333334,0.8770833333333333,159.375,100.70833333333333
2022-12-30,61.479166666666664,34.4,516.5833333333334,24.150000000000002,35.725,74.875,0.22666666666666668,32.708333333333336,0.9479166666666666,96.70833333333333,67.0
2022-12-31,76.20416666666667,48.19166666666666,659.3333333333334,26.879166666666666,39.729166666666664,99.45833333333333,0.29583333333333334,20.0,0.9541666666666666,114.125,72.91666666666667
2023-01-01,69.53750000000001,38.4625,782.7083333333334,36.354166666666664,33.37916666666667,84.91666666666667,0.2004166666666667,32.833333333333336,0.9958333333333332,129.58333333333334,77.95833333333333
2023-01-02,98.88333333333333,59.99166666666667,905.7083333333334,47.24166666666667,49.362500000000004,71.70833333333333,0.25375,32.791666666666664,0.9874999999999999,119.41666666666667,74.75
2023-01-03,77.68333333333334,51.512499999999996,542.7083333333334,25.275000000000002,27.15416666666667,80.125,0.31666666666666665,12.708333333333334,0.9604166666666667,153.0,89.66666666666667
2023-01-04,60.7875,40.72083333333333,466.625,18.004166666666666,25.825,94.54166666666667,0.25958333333333333,7.75,0.9291666666666667,117.20833333333333,73.875
2023-01-05,63.775,43.60833333333333,487.625,14.416666666666666,28.462500000000002,103.04166666666667,0.2725,4.333333333333333,0.9291666666666667,119.95833333333333,74.79166666666667
2023-01-06,67.63333333333334,46.22083333333333,515.0833333333334,14.479166666666666,31.416666666666668,108.25,0.26666666666666666,4.625,0.9479166666666666,121.75,75.375
2023-01-07,73.10416666666667,50.18333333333334,682.1666666666666,24.09583333333333,39.612500000000004,101.625,0.45458333333333334,3.5416666666666665,0.84375,132.08333333333334,78.66666666666667
2023-01-08,125.82916666666667,87.09583333333335,1645.7916666666667,70.9875,82.81666666666666,104.625,0.4658333333333333,3.5,0.8729166666666667,144.625,86.375
2023-01-09,128.42083333333332,87.19583333333333,1781.0833333333333,81.33333333333333,80.41250000000001,93.375,0.27499999999999997,2.3333333333333335,1.0270833333333333,173.375,117.04166666666667
2023-01-10,162.80416666666667,110.39166666666667,2022.9583333333333,88.10000000000001,84.10833333333333,79.41666666666667,0.28625,9.583333333333334,1.0229166666666667,172.33333333333334,118.33333333333333
2023-01-11,54.75,30.45,667.0833333333334,29.054166666666664,25.629166666666666,76.79166666666667,0.265,20.125,0.9479166666666666,153.83333333333334,100.91666666666667
2023-01-12,77.04166666666667,24.604166666666668,348.0416666666667,17.087500000000002,18.650000000000002,68.5,0.18041666666666667,117.25,1.0854166666666665,77.875,65.25
2023-01-13,62.78333333333333,33.55833333333333,615.6666666666666,30.266666666666666,28.516666666666666,81.54166666666667,0.17708333333333334,44.25,1.1145833333333333,80.08333333333333,67.375
2023-01-14,46.44583333333333,27.587500000000002,589.8333333333334,32.737500000000004,23.462500000000002,68.83333333333333,0.16666666666666666,21.666666666666668,1.10625,98.66666666666667,67.875
2023-01-15,67.01666666666667,42.52916666666667,765.375,32.82083333333333,38.59583333333333,85.95833333333333,0.20458333333333334,15.916666666666666,1.0999999999999999,92.66666666666667,65.5
2023-01-16,96.44166666666666,60.375,738.2916666666666,35.270833333333336,60.37083333333334,76.83333333333333,0.31875000000000003,22.708333333333332,1.0270833333333333,135.625,80.0
2023-01-17,117.58333333333333,79.125,1056.25,47.25,59.9125,93.125,0.3625,12.958333333333334,1.01875,156.125,93.66666666666667
2023-01-18,147.65833333333333,101.02083333333333,1448.25,78.37083333333334,57.18333333333334,63.416666666666664,0.3729166666666666,9.875,1.05,168.33333333333334,112.125
2023-01-19,99.22500000000001,66.89999999999999,839.875,42.19166666666667,30.99166666666667,77.25,0.46291666666666664,11.125,0.94375,170.33333333333334,115.25
2023-01-20,83.5125,54.833333333333336,676.2083333333334,22.558333333333334,30.8125,109.08333333333333,0.4375,12.458333333333334,0.975,145.375,83.625
2023-01-21,72.61666666666666,48.166666666666664,678.625,25.587500000000002,36.13333333333333,96.41666666666667,0.3825,10.0,1.0541666666666667,147.875,84.16666666666667
2023-01-22,75.94583333333334,50.041666666666664,862.1666666666666,37.94166666666667,45.25416666666666,84.45833333333333,0.3729166666666666,10.333333333333334,1.08125,132.58333333333334,78.83333333333333
2023-01-23,53.49583333333334,34.68333333333333,722.4583333333334,33.233333333333334,32.0875,71.125,0.27958333333333335,10.875,1.1208333333333333,118.0,74.16666666666667
2023-01-24,78.99166666666666,50.550000000000004,869.5,41.43333333333333,40.18333333333333,82.83333333333333,0.2833333333333333,16.375,1.0979166666666667,118.54166666666667,74.375
2023-01-25,69.38333333333334,41.329166666666666,718.0833333333334,37.670833333333334,39.61666666666667,80.70833333333333,0.21125000000000002,26.666666666666668,1.1875,113.33333333333333,72.58333333333333
2023-01-26,49.2875,31.708333333333332,483.7083333333333,24.645833333333332,31.058333333333334,82.625,0.2041666666666667,10.791666666666666,1.2854166666666667,114.29166666666667,72.875
2023-01-27,51.979166666666664,34.92916666666667,452.7083333333333,17.658333333333335,25.270833333333332,104.54166666666667,0.23750000000000002,6.0,1.2916666666666667,91.25,64.95833333333333
2023-01-28,65.15833333333333,44.30416666666667,626.125,32.583333333333336,27.583333333333332,96.25,0.26666666666666666,5.333333333333333,1.2083333333333333,104.75,69.91666666666667
2023-01-29,57.925000000000004,38.5625,743.5833333333334,40.78333333333333,33.729166666666664,75.25,0.16166666666666665,5.791666666666667,1.2104166666666667,133.20833333333334,78.95833333333333
2023-01-30,91.62083333333334,58.92916666666667,1110.1666666666667,49.82916666666667,49.3375,91.66666666666667,0.22083333333333333,19.416666666666668,1.2416666666666667,101.16666666666667,68.625
2023-01-31,81.39999999999999,53.96666666666667,655.3333333333334,28.724999999999998,29.420833333333334,89.75,0.30375,11.791666666666666,1.16875,155.625,93.0
2023-02-01,75.91666666666667,51.395833333333336,823.5,33.02916666666667,35.6625,107.33333333333333,0.2525,6.5,1.2604166666666667,145.95833333333334,83.20833333333333
2023-02-02,142.32500000000002,98.33749999999999,1881.1666666666667,74.78333333333333,77.6125,138.79166666666666,0.18541666666666667,4.5,1.40625,156.91666666666666,89.29166666666667
2023-02-03,126.53333333333335,87.45833333333333,1975.0416666666667,97.48333333333333,73.45416666666667,83.83333333333333,0.18458333333333332,2.9166666666666665,1.4124999999999999,174.0,120.875
2023-02-04,103.47083333333335,68.09166666666667,1397.375,57.487500000000004,48.800000000000004,115.125,0.24458333333333335,12.333333333333334,1.3875,171.75,103.625
2023-02-05,63.26666666666667,35.770833333333336,715.75,29.320833333333336,24.545833333333334,79.45833333333333,0.27958333333333335,22.791666666666668,1.39375,140.08333333333334,84.5
2023-02-06,98.49583333333334,53.487500000000004,819.3333333333334,33.762499999999996,28.425,124.66666666666667,0.29625,46.291666666666664,1.4854166666666666,126.04166666666667,72.70833333333333
2023-02-07,179.6208333333333,115.6875,1715.9166666666667,72.40416666666667,54.36666666666667,149.83333333333334,0.22208333333333333,36.875,1.4791666666666667,198.375,112.54166666666667
2023-02-08,76.825,44.57083333333333,826.875,37.425,31.075,87.125,0.2125,33.5,1.4770833333333335,161.54166666666666,103.16666666666667
2023-02-09,57.362500000000004,32.637499999999996,510.7083333333333,20.766666666666666,20.7625,83.875,0.2354166666666667,23.708333333333332,1.4708333333333332,111.875,72.08333333333333
2023-02-10,46.81666666666666,24.712500000000002,357.9166666666667,13.200000000000001,14.633333333333333,91.625,0.17833333333333334,16.458333333333332,1.4583333333333333,86.41666666666667,62.75
2023-02-11,108.47500000000001,68.0125,915.25,37.666666666666664,33.449999999999996,107.45833333333333,0.3558333333333334,28.333333333333332,1.2541666666666667,107.875,70.91666666666667
2023-02-12,73.97500000000001,43.00833333333333,730.9583333333334,43.574999999999996,28.183333333333334,62.791666666666664,0.22,34.583333333333336,1.4708333333333332,151.91666666666666,92.375
2023-02-13,87.04166666666667,56.23333333333333,900.4583333333334,37.25833333333333,37.887499999999996,127.75,0.15916666666666668,18.666666666666668,1.5854166666666665,131.58333333333334,74.75
2023-02-14,76.15833333333333,44.4125,884.2916666666666,34.862500000000004,32.266666666666666,119.45833333333333,0.2333333333333333,29.166666666666668,1.5,159.5,86.375
2023-02-15,99.47083333333335,60.949999999999996,1277.3333333333333,52.875,47.84583333333333,111.54166666666667,0.1775,30.041666666666668,1.5583333333333333,155.875,81.91666666666667
2023-02-16,68.41250000000001,42.166666666666664,929.5416666666666,43.416666666666664,33.520833333333336,79.375,0.12625,20.5,1.5395833333333335,141.91666666666666,82.625
2023-02-17,85.44583333333333,56.099999999999994,1069.5416666666667,46.020833333333336,36.083333333333336,107.25,0.17500000000000002,12.666666666666666,1.6395833333333334,143.375,78.25
2023-02-18,120.65416666666665,82.46249999999999,1370.375,52.67916666666667,42.949999999999996,142.16666666666666,0.11666666666666665,5.375,1.66875,185.16666666666666,97.625
2023-02-19,72.48333333333333,44.612500000000004,993.8333333333334,42.420833333333334,36.74583333333333,94.66666666666667,0.13416666666666668,18.458333333333332,1.6791666666666665,161.29166666666666,93.45833333333333
2023-02-20,57.55416666666667,30.787499999999998,628.0416666666666,26.566666666666666,23.445833333333336,92.25,0.16416666666666666,30.791666666666668,1.7020833333333334,105.95833333333333,69.41666666666667
2023-02-21,79.89166666666667,48.05416666666667,829.0416666666666,33.833333333333336,28.787499999999998,116.875,0.325,23.791666666666668,1.46875,120.70833333333333,71.5
2023-02-22,41.56666666666667,22.295833333333334,389.0,16.454166666666666,13.658333333333333,98.54166666666667,0.29291666666666666,10.333333333333334,1.5833333333333333,109.66666666666667,69.91666666666667
2023-02-23,51.5625,28.445833333333336,542.9583333333334,25.837500000000002,21.2,96.66666666666667,0.2966666666666667,7.916666666666667,1.6104166666666666,74.83333333333333,53.125
2023-02-24,69.85833333333333,32.88333333333333,623.0416666666666,26.662499999999998,23.695833333333336,97.08333333333333,0.22541666666666668,47.333333333333336,1.6604166666666667,95.91666666666667,65.33333333333333
2023-02-25,56.52916666666667,27.837500000000002,575.7083333333334,28.4375,20.945833333333333,61.541666666666664,0.225,37.958333333333336,1.7541666666666667,90.16666666666667,67.54166666666667
2023-02-26,49.237500000000004,30.22083333333333,630.125,30.379166666666666,24.28333333333333,68.20833333333333,0.21166666666666667,13.083333333333334,1.7166666666666668,84.375,63.125
2023-02-27,69.37916666666666,42.50416666666667,896.9583333333334,38.49166666666667,32.708333333333336,95.70833333333333,0.20625000000000002,20.0,1.7458333333333333,118.16666666666667,70.29166666666667
2023-02-28,66.07083333333334,39.65,799.875,37.358333333333334,28.933333333333334,81.66666666666667,0.20291666666666666,20.958333333333332,1.7562499999999999,118.91666666666667,73.58333333333333
2023-03-01,115.99583333333334,74.14999999999999,937.25,36.545833333333334,27.78333333333333,100.08333333333333,0.36125,23.708333333333332,1.625,129.5,77.45833333333333
2023-03-02,96.0,63.07083333333333,681.375,23.683333333333334,27.795833333333334,126.375,0.3658333333333333,15.916666666666666,1.6937499999999999,162.54166666666666,98.5
2023-03-03,110.4375,73.59583333333333,699.625,28.333333333333332,32.69583333333333,130.20833333333334,0.385,13.75,1.6729166666666666,169.79166666666666,95.20833333333333
2023-03-04,90.40416666666665,60.512499999999996,750.4583333333334,25.916666666666668,29.6875,141.29166666666666,0.3408333333333333,9.833333333333334,1.6708333333333334,174.54166666666666,95.58333333333333
2023-03-05,115.97916666666667,79.8625,1175.5833333333333,38.32083333333333,36.21666666666666,157.375,0.3254166666666667,3.75,1.7541666666666667,189.41666666666666,97.25
2023-03-06,118.52083333333333,79.9875,1318.25,41.49583333333333,43.25833333333333,171.04166666666666,0.28750000000000003,9.916666666666666,1.8291666666666666,201.20833333333334,104.625
2023-03-07,103.46249999999999,66.08749999999999,1305.4583333333333,49.8375,49.62083333333334,137.91666666666666,0.33875000000000005,19.208333333333332,1.7750000000000001,184.58333333333334,98.41666666666667
2023-03-08,153.07916666666668,103.22916666666667,1606.9583333333333,53.3125,60.46666666666667,191.75,0.36166666666666664,11.333333333333334,1.9124999999999999,190.83333333333334,106.79166666666667
2023-03-09,175.01666666666665,119.77083333333333,1663.1666666666667,55.7875,44.05416666666667,200.625,0.2970833333333333,7.625,1.9312500000000001,208.41666666666666,138.83333333333334
2023-03-10,126.19166666666666,87.0625,1358.25,55.7125,44.6875,179.83333333333334,0.21416666666666664,3.9583333333333335,2.0770833333333334,214.625,121.08333333333333
2023-03-11,100.3875,68.7625,1373.5,63.041666666666664,51.11666666666667,99.58333333333333,0.21833333333333335,3.0416666666666665,1.73125,160.83333333333334,98.875
2023-03-12,84.3125,57.55833333333334,1294.2083333333333,61.59166666666667,50.875,76.70833333333333,0.26875,1.2083333333333333,1.6541666666666668,154.875,91.625
2023-03-13,73.71666666666667,48.26666666666667,1136.0833333333333,46.52916666666667,47.395833333333336,113.66666666666667,0.26458333333333334,7.458333333333333,1.875,158.16666666666666,84.5
2023-03-14,49.75833333333333,31.441666666666666,830.75,40.487500000000004,36.49583333333333,63.25,0.37083333333333335,8.041666666666666,1.64375,114.625,73.08333333333333
2023-03-15,45.49583333333334,25.133333333333336,448.75,18.6125,19.120833333333334,73.95833333333333,0.3329166666666667,16.875,1.9000000000000001,87.79166666666667,63.791666666666664
2023-03-16,42.55416666666667,23.383333333333336,505.875,21.691666666666666,20.216666666666665,74.41666666666667,0.2725,14.166666666666666,2.002083333333333,76.70833333333333,58.375
2023-03-17,44.77916666666667,26.287499999999998,623.5416666666666,27.920833333333334,25.96666666666667,83.54166666666667,0.33041666666666664,9.375,1.9249999999999998,80.70833333333333,56.583333333333336
2023-03-18,84.5625,54.36666666666667,912.9583333333334,38.208333333333336,43.375,128.70833333333334,0.3475,14.75,1.8979166666666665,135.375,74.70833333333333
2023-03-19,73.6375,44.85833333333333,752.2083333333334,30.662499999999998,40.99166666666667,123.33333333333333,0.4370833333333333,19.458333333333332,1.71875,161.45833333333334,82.58333333333333
2023-03-20,51.3125,25.8625,523.5416666666666,22.59583333333333,26.208333333333332,84.54166666666667,0.32,27.666666666666668,1.8,103.58333333333333,68.29166666666667
2023-03-21,39.99166666666667,18.6625,363.0,15.295833333333334,14.862499999999999,67.125,0.21291666666666667,25.708333333333332,2.1020833333333333,70.20833333333333,48.916666666666664
2023-03-22,34.4375,18.658333333333335,358.3333333333333,14.833333333333334,14.354166666666666,67.16666666666667,0.25875,12.333333333333334,2.058333333333333,64.0,41.041666666666664
2023-03-23,40.0875,18.525000000000002,319.0416666666667,13.841666666666667,11.975,59.125,0.33916666666666667,24.958333333333332,1.5875000000000001,64.79166666666667,38.25
2023-03-24,49.104166666666664,18.383333333333333,265.3333333333333,10.508333333333333,7.9750000000000005,114.29166666666667,0.21625000000000003,53.833333333333336,2.122916666666667,70.375,53.958333333333336
2023-03-25,47.025,20.916666666666668,320.3333333333333,12.404166666666667,9.983333333333333,112.875,0.27875,35.541666666666664,1.9562499999999998,72.16666666666667,57.208333333333336
2023-03-26,57.45416666666667,30.208333333333332,597.8333333333334,24.795833333333334,21.712500000000002,111.58333333333333,0.29375,35.291666666666664,2.091666666666667,93.875,61.583333333333336
2023-03-27,56.34166666666667,31.662499999999998,650.4583333333334,29.429166666666664,25.620833333333334,100.45833333333333,0.2383333333333333,27.75,2.175,101.125,66.0
2023-03-28,48.98333333333333,25.520833333333332,381.7916666666667,14.058333333333332,15.9625,94.79166666666667,0.27625,27.916666666666668,2.191666666666667,88.79166666666667,64.16666666666667
2023-03-29,50.916666666666664,21.429166666666664,308.9166666666667,10.504166666666666,12.520833333333334,80.625,0.37999999999999995,41.791666666666664,2.05625,72.70833333333333,54.958333333333336
2023-03-30,56.525000000000006,23.054166666666664,316.0416666666667,10.9125,13.470833333333333,112.0,0.26958333333333334,48.875,2.0749999999999997,78.125,62.375
2023-03-31,48.625,23.34166666666667,288.2916666666667,8.958333333333334,9.9375,112.45833333333333,0.255,24.875,2.1104166666666666,78.54166666666667,60.333333333333336
2023-04-01,37.97083333333333,19.395833333333332,168.04166666666666,3.4625,5.145833333333333,96.33333333333333,0.19125,17.333333333333332,2.285416666666667,71.70833333333333,51.0
2023-04-02,41.00833333333333,20.470833333333335,299.625,8.674999999999999,11.5,96.375,0.30416666666666664,21.916666666666668,2.122916666666667,65.54166666666667,43.083333333333336
2023-04-03,47.59583333333333,21.075,321.5833333333333,11.566666666666668,13.183333333333332,83.58333333333333,0.3941666666666667,33.541666666666664,2.004166666666667,68.04166666666667,46.083333333333336
2023-04-04,33.574999999999996,16.787499999999998,373.9583333333333,14.029166666666667,13.058333333333332,111.83333333333333,0.15375,11.916666666666666,2.245833333333333,82.41666666666667,56.041666666666664
2023-04-05,29.883333333333336,16.5625,435.625,17.425,15.020833333333334,116.41666666666667,0.17458333333333334,8.0,2.1437500000000003,77.79166666666667,47.625
2023-04-06,38.725,20.229166666666668,499.8333333333333,22.712500000000002,18.025000000000002,103.875,0.17166666666666666,13.166666666666666,2.19375,73.625,45.708333333333336
2023-04-07,48.125,27.566666666666666,710.5833333333334,29.766666666666666,25.541666666666668,111.79166666666667,0.27291666666666664,15.0,2.1125,96.66666666666667,55.416666666666664
2023-04-08,64.03333333333333,38.3375,740.5,27.0125,25.266666666666666,126.375,0.3429166666666667,18.875,2.095833333333333,128.95833333333334,70.54166666666667
2023-04-09,44.137499999999996,22.875,532.625,22.462500000000002,21.7625,83.79166666666667,0.33375,22.291666666666668,2.1750000000000003,93.16666666666667,63.458333333333336
2023-04-10,51.80416666666667,27.8625,730.9166666666666,33.32083333333333,36.891666666666666,74.04166666666667,0.27291666666666664,24.333333333333332,1.8708333333333333,80.375,59.416666666666664
2023-04-11,46.425000000000004,24.616666666666664,684.4166666666666,31.191666666666666,28.704166666666666,75.29166666666667,0.21958333333333332,23.583333333333332,2.28125,83.16666666666667,61.041666666666664
2023-04-12,69.96249999999999,39.895833333333336,696.9583333333334,25.795833333333334,25.354166666666668,115.54166666666667,0.29458333333333336,30.916666666666668,2.11875,123.66666666666667,68.91666666666667
2023-04-13,50.895833333333336,26.879166666666666,590.4166666666666,24.270833333333332,22.833333333333332,79.04166666666667,0.27708333333333335,29.458333333333332,2.3020833333333335,101.0,67.75
2023-04-14,40.612500000000004,20.7375,508.9166666666667,21.554166666666664,20.983333333333334,66.125,0.2575,24.5,2.375,74.45833333333333,54.625
2023-04-15,63.8375,29.504166666666666,666.375,29.412499999999998,30.7375,73.70833333333333,0.31666666666666665,49.125,2.4083333333333337,78.375,56.625
2023-04-16,50.7875,23.554166666666664,531.9583333333334,22.254166666666666,22.708333333333332,86.70833333333333,0.30083333333333334,32.291666666666664,2.495833333333333,83.625,64.54166666666667
2023-04-17,47.7875,21.245833333333334,471.25,19.654166666666665,19.133333333333333,99.45833333333333,0.2404166666666667,33.458333333333336,2.464583333333333,80.83333333333333,57.291666666666664
2023-04-18,54.2875,28.629166666666666,534.75,23.1125,19.75,79.45833333333333,0.33625,29.75,2.11875,77.33333333333333,60.5
2023-04-19,62.70416666666667,32.666666666666664,576.125,23.90416666666667,21.316666666666666,91.5,0.2725,39.083333333333336,1.9520833333333334,92.54166666666667,65.66666666666667
2023-04-20,53.52916666666667,26.870833333333334,459.8333333333333,18.0125,16.320833333333333,106.625,0.2920833333333333,29.291666666666668,2.3041666666666667,99.58333333333333,65.25
2023-04-21,40.6,20.099999999999998,388.6666666666667,15.316666666666665,14.200000000000001,72.625,0.25875,20.125,2.402083333333333,75.0,55.25
2023-04-22,48.87083333333334,23.837500000000002,445.9583333333333,17.645833333333332,18.091666666666665,90.58333333333333,0.24583333333333335,25.416666666666668,2.433333333333333,79.29166666666667,52.125
2023-04-23,44.3125,23.245833333333334,563.4583333333334,23.90416666666667,22.6875,78.20833333333333,0.22833333333333336,22.166666666666668,2.441666666666667,78.95833333333333,57.083333333333336
2023-04-24,52.637499999999996,28.40416666666667,640.5,29.170833333333334,25.1875,60.041666666666664,0.24833333333333332,24.791666666666668,1.75,80.45833333333333,60.208333333333336
2023-04-25,51.92083333333333,28.679166666666664,545.875,22.304166666666664,20.304166666666667,67.33333333333333,0.31583333333333335,21.916666666666668,1.9437499999999999,85.875,63.083333333333336
2023-04-26,47.4,24.241666666666664,419.0,16.283333333333335,15.549999999999999,81.79166666666667,0.4083333333333334,26.25,1.7229166666666667,81.5,61.458333333333336
2023-04-27,30.645833333333332,15.5625,305.375,10.679166666666667,10.554166666666667,66.375,0.23083333333333333,12.5,2.35,66.54166666666667,43.041666666666664
2023-04-28,31.191666666666666,15.583333333333334,323.875,12.049999999999999,12.158333333333333,70.58333333333333,0.2891666666666666,13.458333333333334,2.129166666666667,58.375,35.583333333333336
2023-04-29,29.650000000000002,15.779166666666667,384.0416666666667,13.683333333333332,18.099999999999998,88.33333333333333,0.2966666666666667,12.416666666666666,2.1374999999999997,68.16666666666667,40.125
2023-04-30,33.99583333333333,17.3875,391.125,15.354166666666666,19.454166666666666,88.0,0.265,18.041666666666668,2.285416666666667,69.04166666666667,42.541666666666664
2023-05-01,35.09583333333333,20.216666666666665,398.6666666666667,15.362499999999999,16.599999999999998,91.33333333333333,0.41500000000000004,9.625,2.0708333333333333,72.625,44.875
2023-05-02,35.0,19.2,430.0,16.704166666666666,17.820833333333333,79.08333333333333,0.3754166666666667,10.791666666666666,2.2395833333333335,68.83333333333333,46.083333333333336
2023-05-03,29.191666666666666,15.191666666666668,421.0,17.108333333333334,17.779166666666665,71.08333333333333,0.3729166666666666,11.083333333333334,2.2687500000000003,60.375,39.708333333333336
2023-05-04,41.762499999999996,20.158333333333335,481.2083333333333,20.825,23.375,68.79166666666667,0.31375000000000003,26.5,2.4541666666666666,62.125,40.0
2023-05-05,45.50416666666666,20.058333333333334,442.25,18.55,19.55,71.91666666666667,0.3020833333333333,37.458333333333336,2.497916666666667,67.79166666666667,50.916666666666664
2023-05-06,40.87083333333333,20.537499999999998,422.0833333333333,17.925,17.908333333333335,73.95833333333333,0.21416666666666664,24.5,2.6479166666666667,68.16666666666667,49.333333333333336
2023-05-07,48.387499999999996,21.029166666666665,352.25,14.166666666666666,15.058333333333332,65.66666666666667,0.27999999999999997,43.666666666666664,2.591666666666667,69.58333333333333,49.166666666666664
2023-05-08,43.324999999999996,21.59583333333333,439.2083333333333,19.0,19.349999999999998,70.45833333333333,0.23375,27.541666666666668,2.8249999999999997,68.75,53.916666666666664
2023-05-09,56.97083333333333,29.704166666666666,609.8333333333334,27.0,29.166666666666668,67.5,0.22999999999999998,35.375,2.7916666666666665,81.125,59.5
2023-05-10,48.5375,27.400000000000002,647.4166666666666,28.5625,26.825,84.20833333333333,0.19874999999999998,20.625,2.7895833333333333,93.20833333333333,63.791666666666664
2023-05-11,47.925000000000004,25.608333333333334,488.0,19.654166666666665,20.341666666666665,87.25,0.17458333333333334,26.25,2.8249999999999997,88.83333333333333,62.708333333333336
2023-05-12,30.09583333333333,18.220833333333335,445.875,17.599999999999998,20.8375,68.58333333333333,0.17041666666666666,5.0,2.829166666666667,71.375,51.666666666666664
2023-05-13,30.741666666666664,17.95,514.625,21.416666666666668,24.037499999999998,60.833333333333336,0.1729166666666667,6.708333333333333,2.8541666666666665,63.041666666666664,39.666666666666664
2023-05-14,29.28333333333333,15.041666666666666,300.5,10.1,14.387500000000001,59.875,0.21708333333333332,9.958333333333334,2.720833333333333,60.833333333333336,34.791666666666664
2023-05-15,34.645833333333336,16.358333333333334,263.2916666666667,10.016666666666667,13.170833333333333,57.333333333333336,0.33958333333333335,18.083333333333332,2.4541666666666666,56.833333333333336,32.916666666666664
2023-05-16,33.53333333333333,17.654166666666665,243.58333333333334,9.295833333333333,10.8375,50.5,0.3725,11.666666666666666,2.5625,60.208333333333336,34.291666666666664
2023-05-17,34.50416666666667,16.791666666666668,205.875,7.458333333333333,8.745833333333334,53.333333333333336,0.3425,14.875,2.435416666666667,63.208333333333336,36.5
2023-05-18,35.63333333333333,15.329166666666666,270.0833333333333,11.058333333333332,11.479166666666666,55.666666666666664,0.39208333333333334,26.666666666666668,2.3000000000000003,57.666666666666664,34.75
2023-05-19,42.3375,16.875,308.6666666666667,12.75,13.625,53.291666666666664,0.415,41.916666666666664,2.525,58.125,38.833333333333336
2023-05-20,35.625,15.129166666666668,237.70833333333334,8.895833333333334,9.833333333333334,51.375,0.3475,28.541666666666668,2.6229166666666663,58.75,40.958333333333336
2023-05-21,38.050000000000004,16.570833333333333,223.125,7.783333333333334,8.904166666666667,52.166666666666664,0.30416666666666664,25.375,2.65625,58.125,36.375
2023-05-22,37.291666666666664,15.924999999999999,234.79166666666666,8.512500000000001,9.508333333333333,54.208333333333336,0.32583333333333336,25.208333333333332,2.5375,59.833333333333336,39.458333333333336
2023-05-23,32.27916666666667,15.799999999999999,294.3333333333333,12.466666666666667,12.9625,47.791666666666664,0.32958333333333334,16.166666666666668,2.4583333333333335,56.791666666666664,33.416666666666664
2023-05-24,34.266666666666666,17.849999999999998,308.5,12.049999999999999,13.408333333333333,53.458333333333336,0.35375,12.5,2.6583333333333337,61.083333333333336,34.833333333333336
2023-05-25,34.9625,18.308333333333334,271.0,9.258333333333333,11.016666666666666,50.375,0.425,11.166666666666666,2.4625,62.083333333333336,35.5
2023-05-26,33.670833333333334,17.5,256.9583333333333,9.262500000000001,10.445833333333333,45.833333333333336,0.4025,10.5,2.51875,63.875,37.125
2023-05-27,33.86666666666667,17.75,283.4166666666667,11.0625,12.516666666666666,45.666666666666664,0.43625,10.541666666666666,2.525,60.791666666666664,34.25
2023-05-28,28.462500000000002,14.495833333333332,290.6666666666667,11.35,13.370833333333332,44.583333333333336,0.38625,11.5,2.4895833333333335,59.875,33.541666666666664
2023-05-29,25.95,13.258333333333333,294.8333333333333,11.762500000000001,14.520833333333334,42.416666666666664,0.52125,11.416666666666666,2.1437500000000003,54.666666666666664,28.916666666666668
2023-05-30,27.416666666666668,13.362499999999999,252.29166666666666,10.0375,11.266666666666666,43.75,0.4741666666666666,14.916666666666666,2.0166666666666666,51.583333333333336,27.458333333333332
2023-05-31,23.070833333333336,13.0375,216.41666666666666,8.358333333333333,9.654166666666667,41.541666666666664,0.3516666666666666,2.1666666666666665,2.3874999999999997,52.958333333333336,26.916666666666668
2023-06-01,27.09583333333333,14.408333333333333,205.75,7.233333333333333,8.041666666666666,45.25,0.42416666666666664,6.458333333333333,2.2270833333333333,52.125,26.375
2023-06-02,31.616666666666664,15.904166666666667,278.0416666666667,10.695833333333333,12.0375,54.791666666666664,0.6045833333333334,14.208333333333334,2.2041666666666666,59.083333333333336,33.25
2023-06-03,33.28333333333333,15.450000000000001,303.9583333333333,12.429166666666667,13.654166666666667,58.041666666666664,0.39291666666666664,22.916666666666668,2.5,56.375,34.083333333333336
2023-06-04,47.32083333333333,19.795833333333334,334.6666666666667,13.375,15.120833333333332,67.75,0.43,43.916666666666664,2.3895833333333334,61.541666666666664,43.583333333333336
2023-06-05,39.50416666666667,16.891666666666666,295.25,12.370833333333332,13.529166666666667,58.041666666666664,0.40458333333333335,34.458333333333336,2.377083333333333,64.41666666666667,50.458333333333336
2023-06-06,37.24583333333333,17.966666666666665,347.5416666666667,15.358333333333333,16.0,61.416666666666664,0.38375000000000004,17.25,2.5104166666666665,60.416666666666664,39.5
2023-06-07,42.483333333333334,20.179166666666667,361.0833333333333,15.799999999999999,18.116666666666667,60.041666666666664,0.3829166666666666,26.541666666666668,2.5208333333333335,65.45833333333333,42.458333333333336
2023-06-08,34.90833333333333,16.045833333333334,245.08333333333334,9.145833333333334,11.5375,58.125,0.3754166666666667,22.208333333333332,2.4854166666666666,63.666666666666664,40.291666666666664
2023-06-09,42.104166666666664,18.616666666666667,219.25,7.9875,9.2875,52.416666666666664,0.45,31.958333333333332,2.2312499999999997,59.708333333333336,36.916666666666664
2023-06-10,37.324999999999996,16.695833333333333,243.0,9.579166666666667,11.329166666666666,54.75,0.45625,29.166666666666668,2.3666666666666667,65.54166666666667,48.791666666666664
2023-06-11,35.11666666666667,21.8625,515.625,25.170833333333334,26.066666666666666,61.708333333333336,0.3441666666666667,4.75,2.5875,60.791666666666664,41.5
2023-06-12,93.07083333333333,61.19583333333333,790.375,27.420833333333334,34.458333333333336,147.41666666666666,0.31708333333333333,9.916666666666666,2.566666666666667,149.33333333333334,75.5
2023-06-13,33.204166666666666,14.308333333333332,216.875,12.070833333333333,18.537499999999998,61.291666666666664,0.25875,31.625,2.4895833333333335,117.83333333333333,70.25
2023-06-14,46.71666666666667,19.708333333333332,177.66666666666666,8.833333333333334,14.1875,63.75,0.3541666666666667,44.208333333333336,2.5145833333333334,60.791666666666664,42.041666666666664
2023-06-15,38.275,17.620833333333334,171.5,8.416666666666666,11.987499999999999,55.458333333333336,0.2816666666666667,33.291666666666664,1.9395833333333332,67.29166666666667,54.125
2023-06-16,40.483333333333334,21.166666666666668,296.875,14.558333333333332,13.483333333333334,66.29166666666667,0.3420833333333333,26.166666666666668,1.4520833333333334,59.041666666666664,37.916666666666664
2023-06-17,63.02916666666667,24.991666666666664,254.58333333333334,10.299999999999999,11.65,61.041666666666664,0.6620833333333334,67.66666666666667,2.24375,76.70833333333333,59.166666666666664
2023-06-18,71.50833333333334,27.979166666666668,220.08333333333334,8.025,8.604166666666666,59.875,0.7145833333333332,74.08333333333333,2.1062499999999997,81.45833333333333,67.20833333333333
2023-06-19,71.18333333333334,26.420833333333334,206.91666666666666,7.125,8.137500000000001,62.416666666666664,0.5991666666666666,80.83333333333333,2.2395833333333335,83.83333333333333,68.66666666666667
2023-06-20,67.47916666666667,24.229166666666668,205.375,7.1000000000000005,8.208333333333334,66.25,0.6820833333333334,79.66666666666667,2.1770833333333335,77.5,67.95833333333333
2023-06-21,65.55416666666666,23.316666666666666,224.83333333333334,8.420833333333333,9.5,61.208333333333336,0.7020833333333334,77.54166666666667,2.0500000000000003,75.66666666666667,66.95833333333333
2023-06-22,54.5,20.675,224.125,8.5375,9.975,57.625,0.5333333333333333,58.125,2.25,71.08333333333333,63.5
2023-06-23,56.81666666666666,21.212500000000002,210.70833333333334,7.983333333333333,9.466666666666667,55.791666666666664,0.49666666666666665,62.166666666666664,2.3208333333333333,69.20833333333333,62.708333333333336
2023-06-24,51.25416666666666,20.891666666666666,221.25,8.558333333333334,10.108333333333333,53.375,0.5,46.666666666666664,2.3229166666666665,69.08333333333333,61.541666666666664
2023-06-25,47.65833333333333,19.9375,252.29166666666666,9.5,11.633333333333333,58.541666666666664,0.49333333333333335,41.875,2.30625,66.875,56.041666666666664
2023-06-26,50.48333333333333,21.712500000000002,267.7916666666667,9.433333333333334,13.424999999999999,63.041666666666664,0.6204166666666667,43.625,2.3666666666666667,69.125,58.625
2023-06-27,63.80833333333334,24.120833333333334,246.25,8.891666666666667,11.779166666666667,64.125,0.8208333333333333,73.95833333333333,2.029166666666667,72.58333333333333,61.416666666666664
2023-06-28,58.112500000000004,21.1375,159.91666666666666,6.666666666666667,4.366666666666666,54.875,0.8220833333333334,71.54166666666667,1.8499999999999999,74.75,66.66666666666667
2023-06-29,38.891666666666666,15.095833333333333,148.625,6.191666666666666,3.7875,51.666666666666664,0.82125,41.0,1.625,63.333333333333336,52.958333333333336
2023-06-30,45.69166666666666,17.712500000000002,147.83333333333334,5.841666666666666,3.5,49.958333333333336,0.7354166666666666,46.791666666666664,1.70625,56.958333333333336,40.666666666666664
2023-07-01,72.8125,24.804166666666664,150.875,6.491666666666667,4.016666666666667,50.5,0.79625,92.45833333333333,1.7270833333333335,69.91666666666667,61.583333333333336
2023-07-02,94.50416666666666,25.599999999999998,165.25,7.875,5.291666666666667,58.458333333333336,0.6541666666666667,147.45833333333334,1.95,79.20833333333333,73.70833333333333
2023-07-03,114.375,25.020833333333332,156.0,8.145833333333334,5.541666666666667,55.875,0.4366666666666667,212.875,2.158333333333333,77.83333333333333,81.66666666666667
2023-07-04,107.65416666666665,25.895833333333332,156.25,6.6375,4.908333333333333,57.208333333333336,0.50375,193.95833333333334,2.4520833333333334,80.83333333333333,85.625
2023-07-05,101.91250000000001,27.395833333333332,147.70833333333334,5.9750000000000005,4.316666666666666,64.54166666666667,0.9645833333333332,171.875,1.3187499999999999,81.20833333333333,82.41666666666667
2023-07-06,142.74166666666667,34.541666666666664,181.0,8.854166666666666,6.308333333333334,68.91666666666667,0.9474999999999999,259.2083333333333,1.1854166666666666,87.33333333333333,85.20833333333333
2023-07-07,137.5375,31.6375,190.83333333333334,10.195833333333333,6.241666666666667,62.416666666666664,0.9500000000000001,257.5833333333333,1.4666666666666668,96.16666666666667,97.08333333333333
2023-07-08,201.79166666666666,38.949999999999996,193.75,11.008333333333333,5.716666666666666,61.916666666666664,1.3520833333333335,406.1666666666667,1.2291666666666667,103.0,104.45833333333333
2023-07-09,209.97916666666666,36.579166666666666,175.875,9.320833333333333,5.5,63.333333333333336,1.4695833333333332,432.5833333333333,1.2291666666666667,127.25,123.95833333333333
2023-07-10,142.59583333333333,29.266666666666666,144.125,6.704166666666667,4.4750000000000005,58.208333333333336,1.21875,277.9583333333333,1.6270833333333332,117.83333333333333,116.20833333333333
2023-07-11,113.32916666666667,29.65416666666667,148.625,6.391666666666667,4.1875,58.875,0.8391666666666667,193.625,2.09375,87.16666666666667,89.04166666666667
2023-07-12,116.82916666666667,28.075,140.04166666666666,5.8875,3.8666666666666667,56.625,0.5925,205.91666666666666,2.36875,86.58333333333333,85.25
2023-07-13,121.05833333333334,25.870833333333334,134.25,5.7875000000000005,3.85,57.25,0.5279166666666667,223.5,2.402083333333333,82.95833333333333,87.83333333333333
2023-07-14,109.41250000000001,28.770833333333332,131.08333333333334,5.591666666666666,3.9125,54.75,0.61375,184.375,2.1875,83.29166666666667,86.625
2023-07-15,89.37916666666666,27.7625,127.29166666666667,5.6125,3.6374999999999997,51.458333333333336,0.9270833333333334,129.79166666666666,1.4833333333333334,83.66666666666667,79.29166666666667
2023-07-16,108.42916666666667,34.525,141.0,6.075,3.720833333333333,54.208333333333336,1.1891666666666667,150.66666666666666,1.35625,91.58333333333333,79.54166666666667
2023-07-17,97.9875,29.433333333333334,152.0,6.833333333333333,4.3875,56.0,1.0825,144.625,1.35625,93.625,81.83333333333333
2023-07-18,79.39166666666667,24.34166666666667,149.33333333333334,6.7749999999999995,4.4125000000000005,53.958333333333336,0.8933333333333334,114.08333333333333,1.8791666666666667,82.75,76.5
2023-07-19,75.69166666666666,22.329166666666666,142.83333333333334,7.270833333333333,4.570833333333334,54.083333333333336,0.86625,110.875,1.8041666666666665,71.83333333333333,69.0
2023-07-20,110.34583333333335,28.179166666666664,182.5,10.595833333333333,6.8999999999999995,55.416666666666664,0.8779166666666667,186.125,1.40625,78.45833333333333,76.5
2023-07-21,77.78750000000001,21.0,178.20833333333334,9.549999999999999,6.145833333333333,52.166666666666664,0.6933333333333334,126.79166666666667,1.5479166666666666,77.875,78.83333333333333
2023-07-22,85.2,22.870833333333334,187.0,10.070833333333333,6.0874999999999995,59.375,0.6370833333333333,139.0,1.7958333333333334,69.375,73.04166666666667
2023-07-23,41.112500000000004,18.95,279.4166666666667,14.604166666666666,9.054166666666667,75.91666666666667,0.5625,39.625,1.0708333333333333,70.29166666666667,66.20833333333333
2023-07-24,24.0,15.116666666666667,309.5,15.891666666666666,10.125,81.54166666666667,0.43583333333333335,5.625,1.1333333333333333,61.666666666666664,39.166666666666664
2023-07-25,57.37083333333334,24.066666666666666,287.3333333333333,21.412499999999998,9.0875,51.875,0.38666666666666666,59.333333333333336,2.339583333333333,62.416666666666664,42.333333333333336
2023-07-26,49.2125,22.508333333333336,261.4166666666667,17.425,9.5875,61.958333333333336,0.32916666666666666,42.291666666666664,2.5104166666666665,76.125,62.083333333333336
2023-07-27,53.0875,20.125,184.5,10.5875,4.5625,51.75,0.33041666666666664,61.041666666666664,2.4916666666666667,71.91666666666667,61.833333333333336
2023-07-28,55.93333333333334,19.704166666666666,163.83333333333334,8.15,3.7916666666666665,46.5,0.4920833333333334,68.29166666666667,2.2666666666666666,65.79166666666667,60.666666666666664
2023-07-29,75.26666666666667,20.408333333333335,148.95833333333334,8.633333333333335,3.7125,42.333333333333336,0.7516666666666666,116.04166666666667,1.570833333333333,65.04166666666667,65.0
2023-07-30,85.98333333333333,23.104166666666668,163.79166666666666,9.799999999999999,4.0625,41.5,0.9304166666666668,138.5,1.2416666666666667,72.29166666666667,73.29166666666667
2023-07-31,77.63333333333334,21.400000000000002,163.875,9.4875,4.154166666666667,39.708333333333336,1.1533333333333333,117.95833333333333,1.0229166666666667,71.04166666666667,72.16666666666667
2023-08-01,72.02499999999999,20.724999999999998,160.83333333333334,8.770833333333334,3.9875000000000003,42.708333333333336,0.8375,108.58333333333333,1.2833333333333334,70.45833333333333,71.33333333333333
2023-08-02,68.73333333333333,21.208333333333332,157.08333333333334,7.5375000000000005,3.716666666666667,48.791666666666664,0.7825000000000001,94.375,1.4291666666666665,68.625,66.79166666666667
2023-08-03,91.36666666666667,23.95,156.79166666666666,7.529166666666666,4.0625,51.208333333333336,0.81,146.66666666666666,1.54375,71.08333333333333,70.54166666666667
2023-08-04,109.07083333333333,26.754166666666666,159.625,8.529166666666667,4.495833333333334,50.958333333333336,0.7595833333333334,185.54166666666666,1.45,80.625,82.45833333333333
2023-08-05,108.2625,23.229166666666668,151.20833333333334,7.195833333333333,4.241666666666666,55.083333333333336,0.685,197.58333333333334,1.7104166666666665,77.20833333333333,82.66666666666667
2023-08-06,100.28750000000001,23.483333333333334,142.0,5.845833333333334,3.3708333333333336,50.041666666666664,0.6841666666666667,173.41666666666666,1.8395833333333333,78.08333333333333,84.375
2023-08-07,101.7625,26.541666666666668,145.5,5.804166666666667,3.0708333333333333,48.791666666666664,0.7191666666666666,164.16666666666666,1.4312500000000001,76.08333333333333,78.0
2023-08-08,66.89166666666667,21.920833333333334,139.16666666666666,6.270833333333333,3.3666666666666667,48.125,0.98875,89.58333333333333,1.3333333333333333,76.04166666666667,73.33333333333333
2023-08-09,58.833333333333336,20.058333333333334,145.45833333333334,6.504166666666666,3.5666666666666664,46.583333333333336,0.6770833333333334,74.125,1.7541666666666667,70.20833333333333,66.0
2023-08-10,54.11666666666667,18.724999999999998,146.33333333333334,7.166666666666667,3.670833333333333,46.083333333333336,0.8737499999999999,64.58333333333333,1.3979166666666665,64.83333333333333,62.125
2023-08-11,55.42083333333333,19.462500000000002,138.875,7.208333333333333,3.6916666666666664,45.708333333333336,0.92625,65.83333333333333,1.1833333333333333,66.04166666666667,62.375
2023-08-12,50.42083333333333,18.533333333333335,136.20833333333334,6.2250000000000005,3.3166666666666664,44.833333333333336,0.6566666666666666,55.375,1.6500000000000001,64.875,61.125
2023-08-13,56.237500000000004,18.9375,135.375,6.191666666666666,3.275,46.583333333333336,0.7354166666666666,69.66666666666667,1.6875,64.33333333333333,60.75
2023-08-14,54.30416666666667,17.6375,136.70833333333334,7.2875000000000005,3.8874999999999997,49.041666666666664,0.85875,69.70833333333333,1.5583333333333333,63.0,62.0
2023-08-15,58.35833333333333,16.229166666666668,136.375,8.125,4.758333333333334,46.291666666666664,0.8795833333333333,90.75,1.2916666666666667,61.708333333333336,63.291666666666664
2023-08-16,49.74583333333334,13.9,151.875,7.295833333333333,4.358333333333333,44.833333333333336,0.89,73.5,1.7291666666666667,55.875,61.083333333333336
2023-08-17,34.02916666666667,13.762500000000001,140.58333333333334,5.879166666666666,3.2125,39.791666666666664,0.76375,31.541666666666668,1.7645833333333334,53.708333333333336,48.208333333333336
2023-08-18,43.9125,16.258333333333333,138.54166666666666,5.75,3.108333333333333,42.75,0.49541666666666667,48.083333333333336,2.30625,56.166666666666664,38.416666666666664
2023-08-19,59.07916666666667,15.691666666666668,132.25,6.354166666666667,3.5124999999999997,49.208333333333336,0.46291666666666664,91.20833333333333,2.0,57.958333333333336,51.958333333333336
2023-08-20,63.86666666666667,15.329166666666666,125.91666666666667,7.316666666666666,4.0,47.0,0.5091666666666667,108.54166666666667,1.375,58.25,66.45833333333333
2023-08-21,53.237500000000004,14.479166666666666,127.79166666666667,6.466666666666666,3.6833333333333336,44.708333333333336,0.49416666666666664,84.54166666666667,2.0437499999999997,56.041666666666664,63.791666666666664
2023-08-22,40.80833333333333,14.620833333333332,128.08333333333334,6.366666666666667,3.5083333333333333,41.708333333333336,0.47291666666666665,49.583333333333336,2.0395833333333333,55.0,53.166666666666664
2023-08-23,40.0,15.866666666666667,142.08333333333334,7.016666666666667,3.3000000000000003,38.5,0.6591666666666667,37.875,1.1875,57.041666666666664,39.625
2023-08-24,42.4625,16.654166666666665,145.5,7.633333333333333,3.525,39.958333333333336,1.195,41.166666666666664,0.7979166666666666,58.208333333333336,42.083333333333336
2023-08-25,48.26666666666667,17.983333333333334,133.29166666666666,8.358333333333333,3.954166666666667,43.291666666666664,1.0254166666666666,51.666666666666664,1.0770833333333334,62.916666666666664,52.375
2023-08-26,46.262499999999996,16.383333333333333,127.54166666666667,7.816666666666666,4.041666666666667,40.875,0.9129166666666667,54.666666666666664,1.1291666666666667,60.208333333333336,53.166666666666664
2023-08-27,39.979166666666664,15.591666666666667,133.83333333333334,7.929166666666667,4.0375000000000005,39.833333333333336,0.9204166666666667,40.333333333333336,1.1479166666666667,58.75,46.208333333333336
2023-08-28,51.01666666666667,18.820833333333333,138.66666666666666,6.925,3.545833333333333,44.791666666666664,0.7066666666666667,57.5,1.7145833333333333,60.0,49.333333333333336
2023-08-29,42.47083333333333,16.445833333333333,148.375,7.954166666666667,4.083333333333333,43.208333333333336,0.8358333333333333,42.25,1.2166666666666666,64.125,55.583333333333336
2023-08-30,54.520833333333336,15.725,148.70833333333334,8.695833333333333,4.8875,46.916666666666664,0.74125,81.375,1.7958333333333334,58.5,52.25
2023-08-31,72.08333333333333,16.925,140.45833333333334,8.9,5.170833333333333,45.625,0.5379166666666667,123.66666666666667,1.7458333333333333,57.791666666666664,64.41666666666667
2023-09-01,78.8875,17.979166666666668,163.33333333333334,11.120833333333332,5.879166666666666,45.916666666666664,0.41250000000000003,136.54166666666666,1.59375,62.333333333333336,70.83333333333333
2023-09-02,77.6125,18.425,149.95833333333334,8.770833333333334,4.95,49.458333333333336,0.36624999999999996,131.16666666666666,2.277083333333333,62.75,71.375
2023-09-03,61.895833333333336,19.412499999999998,147.70833333333334,7.491666666666667,4.220833333333333,46.791666666666664,0.43124999999999997,86.79166666666667,1.9270833333333333,64.83333333333333,68.45833333333333
2023-09-04,62.98333333333333,21.733333333333334,153.08333333333334,7.845833333333334,3.9125,45.541666666666664,0.5325,81.0,1.425,67.83333333333333,64.75
2023-09-05,60.74583333333334,20.545833333333334,165.0,9.441666666666666,4.779166666666667,46.5,0.40208333333333335,80.66666666666667,1.2770833333333333,69.75,64.83333333333333
2023-09-06,76.97916666666667,23.483333333333334,183.875,11.866666666666667,5.966666666666666,51.75,0.2970833333333333,114.04166666666667,2.2125,72.41666666666667,66.79166666666667
2023-09-07,66.2625,20.191666666666666,153.95833333333334,9.383333333333335,4.5874999999999995,50.5,0.28125,98.29166666666667,2.341666666666667,69.79166666666667,69.54166666666667
2023-09-08,64.8625,21.320833333333333,157.41666666666666,8.200000000000001,4.083333333333333,50.125,0.30041666666666667,91.75,2.34375,69.5,66.33333333333333
2023-09-09,49.362500000000004,16.108333333333334,154.91666666666666,7.7250000000000005,3.9125,46.958333333333336,0.3204166666666667,68.375,2.1770833333333335,64.625,63.083333333333336
2023-09-10,32.77916666666667,14.170833333333334,152.16666666666666,7.3374999999999995,3.766666666666667,48.416666666666664,0.25166666666666665,27.833333333333332,2.3229166666666665,55.375,43.375
2023-09-11,37.204166666666666,16.070833333333333,130.08333333333334,6.791666666666667,3.6125000000000003,49.833333333333336,0.3045833333333334,29.916666666666668,2.225,57.041666666666664,35.125
2023-09-12,35.725,16.150000000000002,119.16666666666667,6.504166666666666,3.5583333333333336,50.75,0.32416666666666666,25.375,2.0333333333333337,59.708333333333336,38.291666666666664
2023-09-13,35.729166666666664,16.120833333333334,134.79166666666666,7.333333333333333,3.8833333333333333,48.75,0.34958333333333336,25.583333333333332,1.8604166666666666,57.125,33.208333333333336
2023-09-14,40.987500000000004,17.6375,156.625,9.049999999999999,4.883333333333334,43.125,0.39166666666666666,36.125,1.9645833333333333,60.875,38.583333333333336
2023-09-15,43.262499999999996,17.349999999999998,167.33333333333334,10.666666666666666,5.879166666666666,43.666666666666664,0.41375,47.5,1.9562499999999998,63.583333333333336,49.208333333333336
2023-09-16,37.7875,16.104166666666668,145.20833333333334,8.408333333333333,4.829166666666667,44.25,0.39958333333333335,36.0,1.6500000000000001,57.041666666666664,37.958333333333336
2023-09-17,58.71666666666667,20.604166666666668,157.95833333333334,9.4,5.141666666666667,48.875,0.5441666666666667,73.54166666666667,1.9583333333333333,64.58333333333333,51.708333333333336
2023-09-18,74.40416666666667,19.645833333333332,184.75,11.254166666666668,5.375,51.291666666666664,0.69375,123.08333333333333,1.6208333333333333,66.79166666666667,66.29166666666667
2023-09-19,72.52499999999999,22.370833333333334,249.08333333333334,15.754166666666668,6.158333333333334,55.625,0.7245833333333334,108.66666666666667,1.4833333333333334,66.58333333333333,69.0
2023-09-20,65.76666666666667,24.087500000000002,309.0416666666667,21.71666666666667,6.508333333333333,42.916666666666664,0.4691666666666667,82.75,0.5875,76.625,69.54166666666667
2023-09-21,44.425000000000004,19.904166666666665,330.3333333333333,20.599999999999998,10.154166666666667,73.04166666666667,0.3179166666666667,45.083333333333336,1.8187499999999999,75.33333333333333,59.958333333333336
2023-09-22,73.58749999999999,24.575,298.5833333333333,21.629166666666666,10.054166666666667,57.166666666666664,0.3970833333333333,105.25,1.6958333333333335,74.125,62.708333333333336
2023-09-23,92.40416666666665,24.866666666666664,199.66666666666666,13.5375,6.283333333333334,52.333333333333336,0.36041666666666666,156.29166666666666,1.8916666666666666,73.875,69.41666666666667
2023-09-24,196.775,42.199999999999996,185.375,10.154166666666667,4.804166666666666,58.916666666666664,0.7866666666666666,381.2083333333333,1.4645833333333333,91.66666666666667,93.125
2023-09-25,294.48333333333335,70.67916666666666,232.16666666666666,13.583333333333334,5.6875,65.29166666666667,0.7120833333333333,563.8333333333334,1.4895833333333333,146.95833333333334,135.875
2023-09-26,229.875,61.62916666666666,496.5416666666667,29.620833333333334,11.8375,68.25,0.58875,402.5833333333333,1.6583333333333332,171.29166666666666,157.58333333333334
2023-09-27,139.07500000000002,37.125,298.5416666666667,20.6375,10.266666666666667,72.70833333333333,0.515,246.45833333333334,1.6854166666666668,120.25,110.95833333333333
2023-09-28,86.16666666666667,29.9375,278.0416666666667,19.066666666666666,6.95,63.333333333333336,0.3670833333333334,127.54166666666667,1.8499999999999999,97.95833333333333,84.70833333333333
2023-09-29,104.30416666666667,29.25,252.83333333333334,15.3125,6.133333333333333,68.29166666666667,0.36333333333333334,178.29166666666666,1.8416666666666666,86.5,76.75
2023-09-30,155.32083333333333,40.12083333333333,373.625,24.166666666666668,8.762500000000001,74.70833333333333,0.33666666666666667,279.4166666666667,1.8770833333333332,98.33333333333333,91.5
2023-10-01,130.99583333333334,41.449999999999996,441.2916666666667,24.704166666666666,13.983333333333334,96.83333333333333,0.32083333333333336,203.16666666666666,1.8499999999999999,125.5,103.54166666666667
2023-10-02,79.1125,25.016666666666666,336.7083333333333,22.275000000000002,7.720833333333334,74.5,0.26166666666666666,122.33333333333333,1.9020833333333333,92.04166666666667,79.04166666666667
2023-10-03,56.550000000000004,19.545833333333334,238.0,16.3875,6.404166666666666,57.666666666666664,0.29875,72.375,1.8583333333333334,70.45833333333333,65.875
2023-10-04,60.17083333333333,21.96666666666667,220.04166666666666,14.25,6.0,62.0,0.32708333333333334,66.16666666666667,1.8208333333333335,68.16666666666667,63.0
2023-10-05,66.71249999999999,23.816666666666666,205.41666666666666,10.195833333333333,5.4624999999999995,73.29166666666667,0.3833333333333333,73.58333333333333,1.7104166666666665,72.04166666666667,65.0
2023-10-06,73.5625,26.858333333333334,194.95833333333334,8.450000000000001,4.429166666666666,70.04166666666667,0.41875,80.33333333333333,1.5854166666666665,79.0,68.29166666666667
2023-10-07,67.6,25.02916666666667,194.83333333333334,9.141666666666667,4.1625,65.375,0.4816666666666667,72.04166666666667,1.2145833333333333,81.25,68.41666666666667
2023-10-08,110.63333333333334,28.958333333333332,187.08333333333334,9.445833333333333,4.258333333333334,61.75,0.5770833333333333,179.58333333333334,1.0145833333333334,79.70833333333333,73.25
2023-10-09,99.89583333333333,26.40416666666667,172.58333333333334,8.054166666666667,3.8208333333333333,62.75,0.39625,161.91666666666666,1.5708333333333335,85.0,84.16666666666667
2023-10-10,83.30416666666666,21.95,185.875,9.383333333333333,4.129166666666666,59.708333333333336,0.3429166666666667,134.375,1.55,75.70833333333333,76.79166666666667
2023-10-11,55.4375,17.591666666666665,225.25,13.145833333333334,5.883333333333333,56.208333333333336,0.3466666666666667,75.83333333333333,1.6166666666666665,67.125,67.91666666666667
2023-10-12,58.85833333333333,18.837500000000002,221.29166666666666,12.7875,6.041666666666667,55.583333333333336,0.26625,79.54166666666667,1.7458333333333333,62.291666666666664,62.458333333333336
2023-10-13,61.62916666666666,19.8125,219.875,13.0,5.9125000000000005,56.208333333333336,0.22624999999999998,83.20833333333333,1.7208333333333332,66.625,64.75
2023-10-14,58.85833333333334,20.954166666666666,196.54166666666666,11.529166666666667,4.870833333333334,55.166666666666664,0.26875,71.25,1.7125000000000001,67.29166666666667,63.708333333333336
2023-10-15,102.72500000000001,29.349999999999998,181.625,10.0375,4.083333333333333,54.0,0.5704166666666667,162.54166666666666,1.0583333333333333,75.125,70.125
2023-10-16,71.15833333333333,25.625,181.20833333333334,9.633333333333333,3.85,58.25,0.7033333333333333,84.04166666666667,1.1416666666666668,87.5,78.08333333333333
2023-10-17,60.791666666666664,21.379166666666666,213.66666666666666,12.179166666666667,4.691666666666666,60.125,0.4504166666666667,74.41666666666667,1.4083333333333332,72.08333333333333,64.75
2023-10-18,68.08333333333333,33.59166666666667,511.8333333333333,32.61666666666667,12.520833333333334,65.54166666666667,0.45875,50.5,1.5145833333333334,80.16666666666667,65.25
2023-10-19,89.58749999999999,43.59166666666667,661.375,40.05416666666667,12.133333333333333,76.70833333333333,0.38916666666666666,64.0,1.5020833333333332,115.25,73.33333333333333
2023-10-20,60.49583333333334,27.920833333333334,331.625,18.925,7.358333333333333,66.58333333333333,0.33958333333333335,49.291666666666664,1.5875000000000001,100.20833333333333,70.625
2023-10-21,65.25416666666666,28.95,429.3333333333333,28.087500000000002,10.4125,61.583333333333336,0.27999999999999997,58.5,1.60625,82.54166666666667,64.125
2023-10-22,73.13333333333334,27.883333333333336,397.75,27.0125,7.5249999999999995,50.0,0.26666666666666666,82.875,1.5229166666666665,85.875,67.75
2023-10-23,65.45416666666667,30.420833333333334,445.4166666666667,28.84583333333333,10.158333333333333,62.75,0.33041666666666664,54.541666666666664,1.4479166666666667,86.29166666666667,67.83333333333333
2023-10-24,64.94166666666666,31.766666666666666,412.4166666666667,26.40833333333333,9.75,61.875,0.3075,48.291666666666664,1.4270833333333333,92.29166666666667,66.25
2023-10-25,61.225,29.037499999999998,437.7083333333333,25.704166666666666,7.654166666666666,57.666666666666664,0.27458333333333335,47.0,1.4375,89.75,65.45833333333333
2023-10-26,58.5625,28.3,407.2083333333333,25.27916666666667,7.45,57.625,0.25875,42.416666666666664,1.5020833333333332,85.125,63.958333333333336
2023-10-27,59.333333333333336,30.84583333333333,324.0416666666667,19.545833333333334,5.966666666666666,63.791666666666664,0.33625,27.458333333333332,1.3812499999999999,86.41666666666667,63.375
2023-10-28,63.74583333333334,29.775000000000002,339.0416666666667,21.96666666666667,8.975,69.125,0.37916666666666665,44.25,1.2625,89.95833333333333,65.0
2023-10-29,58.82083333333333,28.270833333333332,439.5416666666667,30.608333333333334,11.458333333333334,70.5,0.32958333333333334,44.208333333333336,1.3499999999999999,90.625,65.79166666666667
2023-10-30,44.61666666666667,23.329166666666666,393.75,24.683333333333334,9.166666666666666,81.45833333333333,0.3183333333333333,21.958333333333332,1.3062500000000001,85.41666666666667,60.708333333333336
2023-10-31,47.15416666666667,26.108333333333334,460.75,30.712500000000002,12.479166666666666,82.70833333333333,0.32208333333333333,15.041666666666666,1.2,77.75,56.666666666666664
2023-11-01,57.13333333333333,32.72083333333333,565.2083333333334,35.333333333333336,13.4,84.0,0.41875,11.125,1.1187500000000001,87.04166666666667,63.0
2023-11-02,71.03333333333333,40.74166666666667,609.125,30.40833333333333,15.354166666666666,101.54166666666667,0.42874999999999996,10.625,1.23125,117.45833333333333,71.875
2023-11-03,67.06666666666666,36.44583333333333,427.1666666666667,23.354166666666668,7.104166666666667,86.33333333333333,0.3925,16.166666666666668,1.2645833333333334,106.75,70.54166666666667
2023-11-04,68.39999999999999,38.425000000000004,415.625,23.354166666666668,6.791666666666667,76.83333333333333,0.38958333333333334,12.416666666666666,1.2375,101.75,68.91666666666667
2023-11-05,60.19583333333333,33.0625,500.25,28.52916666666667,8.120833333333334,74.66666666666667,0.37875,20.75,1.2604166666666667,104.16666666666667,69.75
2023-11-06,71.37916666666666,37.9125,505.375,23.895833333333332,12.433333333333332,91.29166666666667,0.4825,23.708333333333332,1.15625,94.95833333333333,65.79166666666667
2023-11-07,86.45,49.975,780.0833333333334,41.916666666666664,16.608333333333334,76.16666666666667,0.6720833333333333,13.583333333333334,0.9666666666666667,118.16666666666667,74.20833333333333
2023-11-08,104.60833333333333,61.1625,885.2916666666666,44.69583333333333,18.900000000000002,65.04166666666667,0.69875,11.833333333333334,0.8875000000000001,151.66666666666666,88.625
2023-11-09,98.08749999999999,56.395833333333336,616.0416666666666,26.745833333333334,13.0,101.375,0.5541666666666667,8.208333333333334,1.0729166666666667,151.58333333333334,86.66666666666667
2023-11-10,62.958333333333336,29.037499999999998,495.3333333333333,29.779166666666665,10.029166666666667,68.91666666666667,0.2070833333333333,47.708333333333336,1.3166666666666667,120.95833333333333,75.375
2023-11-11,34.94583333333333,22.150000000000002,451.2916666666667,24.266666666666666,13.208333333333334,72.0,0.12125000000000001,4.791666666666667,1.3125,75.54166666666667,58.583333333333336
2023-11-12,41.108333333333334,26.858333333333334,579.5416666666666,30.554166666666664,22.504166666666666,81.125,0.12291666666666667,3.0833333333333335,1.3333333333333333,79.375,55.25
2023-11-13,54.04583333333333,34.1,772.9166666666666,43.80416666666667,20.545833333333334,73.66666666666667,0.18083333333333332,4.416666666666667,1.0333333333333334,96.58333333333333,66.125
2023-11-14,41.987500000000004,27.179166666666664,570.5833333333334,32.09166666666667,16.858333333333334,66.16666666666667,0.16,4.166666666666667,1.2229166666666667,92.08333333333333,65.41666666666667
2023-11-15,53.74166666666667,36.40416666666667,451.2916666666667,15.208333333333334,13.858333333333334,102.75,0.2841666666666667,1.5833333333333333,1.1583333333333334,82.16666666666667,59.833333333333336
2023-11-16,72.93333333333334,49.020833333333336,529.9583333333334,18.004166666666666,17.154166666666665,103.20833333333333,0.41291666666666665,2.2083333333333335,1.0374999999999999,122.33333333333333,75.5
2023-11-17,60.6,40.77916666666667,499.0416666666667,18.291666666666668,14.237499999999999,96.625,0.36333333333333334,1.625,0.9708333333333333,127.625,77.16666666666667
2023-11-18,114.80416666666667,75.42916666666666,733.5833333333334,29.175,17.75,94.25,0.695,4.625,0.8666666666666667,132.29166666666666,80.5
2023-11-19,150.23749999999998,97.7375,738.3333333333334,25.016666666666666,17.933333333333334,96.5,0.6983333333333334,6.166666666666667,0.8791666666666668,168.75,112.875
2023-11-20,131.475,87.15416666666665,663.75,14.970833333333333,15.220833333333333,120.875,0.5625,4.125,1.0166666666666666,172.125,118.29166666666667
2023-11-21,110.37083333333334,74.0125,645.7083333333334,14.708333333333334,18.087500000000002,119.95833333333333,0.5304166666666666,2.9583333333333335,0.9479166666666666,162.20833333333334,103.04166666666667
2023-11-22,96.88333333333333,63.800000000000004,685.7916666666666,24.21666666666667,18.520833333333332,105.66666666666667,0.4058333333333333,5.041666666666667,1.0041666666666667,156.5,94.41666666666667
2023-11-23,89.44583333333333,46.9375,698.5,31.05,20.679166666666667,107.45833333333333,0.4504166666666667,37.208333333333336,0.9958333333333335,149.83333333333334,84.70833333333333
2023-11-24,83.16666666666667,46.19583333333333,699.2083333333334,26.21666666666667,19.599999999999998,85.58333333333333,0.43333333333333335,33.708333333333336,0.9979166666666667,124.0,76.125
2023-11-25,84.075,55.9125,588.2083333333334,11.870833333333332,16.791666666666668,112.16666666666667,0.69625,2.1666666666666665,0.8458333333333333,142.70833333333334,82.20833333333333
2023-11-26,85.80833333333334,55.862500000000004,449.75,15.066666666666668,11.554166666666667,99.70833333333333,0.9249999999999999,4.75,0.6729166666666666,151.375,86.625
2023-11-27,80.10833333333333,52.92916666666667,596.25,19.841666666666665,16.004166666666666,86.54166666666667,0.6908333333333333,3.75,0.71875,133.33333333333334,79.125
2023-11-28,88.36666666666667,59.40416666666667,677.4166666666666,19.541666666666668,19.233333333333334,101.54166666666667,0.5816666666666667,2.375,0.7979166666666666,149.58333333333334,84.91666666666667
2023-11-29,81.61666666666666,55.0375,676.7083333333334,22.383333333333336,19.5,94.70833333333333,0.45916666666666667,2.1666666666666665,0.9145833333333333,152.75,88.75
2023-11-30,81.79583333333333,53.12083333333334,933.0416666666666,41.708333333333336,20.954166666666666,73.20833333333333,0.5404166666666667,8.125,0.8645833333333334,140.91666666666666,81.375
2023-12-01,54.449999999999996,37.016666666666666,708.4166666666666,34.55833333333333,16.766666666666666,72.08333333333333,0.33375,1.7083333333333333,0.9395833333333333,131.875,78.58333333333333
2023-12-02,60.6875,40.53333333333333,492.3333333333333,13.4375,13.695833333333333,87.375,0.31875000000000003,1.625,0.96875,102.54166666666667,69.16666666666667
2023-12-03,58.12083333333333,39.05833333333333,537.2916666666666,14.725,16.308333333333334,90.33333333333333,0.2504166666666667,2.0,1.0020833333333334,117.625,74.04166666666667
2023-12-04,59.025,38.875,534.6666666666666,17.9375,18.316666666666666,86.5,0.2520833333333333,3.8333333333333335,0.9625,104.75,70.0
2023-12-05,45.8375,29.666666666666668,515.625,19.483333333333334,15.887500000000001,82.08333333333333,0.18375,3.7916666666666665,0.9604166666666667,97.91666666666667,67.54166666666667
2023-12-06,38.391666666666666,25.491666666666664,469.9583333333333,16.691666666666666,13.370833333333332,85.0,0.16666666666666666,1.4166666666666667,1.0125,83.91666666666667,62.416666666666664
2023-12-07,41.1,27.991666666666664,492.875,17.791666666666668,14.5625,90.16666666666667,0.19583333333333333,1.0,0.9812500000000001,78.75,60.041666666666664
2023-12-08,42.175000000000004,28.270833333333332,600.2083333333334,27.4875,20.295833333333334,86.58333333333333,0.15666666666666668,1.5,0.9979166666666667,91.125,63.625
2023-12-09,54.199999999999996,22.229166666666668,520.2083333333334,34.704166666666666,12.833333333333334,63.833333333333336,0.125,52.916666666666664,1.04375,77.70833333333333,60.791666666666664
2023-12-10,70.74583333333334,39.93333333333333,777.5833333333334,40.21666666666667,32.020833333333336,79.79166666666667,0.26,23.791666666666668,0.9541666666666666,95.375,66.5
2023-12-11,46.42083333333333,22.849999999999998,516.75,33.112500000000004,11.508333333333333,57.708333333333336,0.12666666666666668,28.166666666666668,1.0,93.125,65.08333333333333
2023-12-12,62.625,31.733333333333334,638.125,43.0875,23.72083333333333,68.04166666666667,0.19083333333333333,33.166666666666664,1.0020833333333334,81.125,59.583333333333336
2023-12-13,59.39166666666667,34.6625,528.125,21.3125,22.912499999999998,82.45833333333333,0.2091666666666667,7.25,0.9395833333333333,99.25,68.0
2023-12-14,63.13333333333333,35.03333333333333,643.3333333333334,28.787499999999998,22.45,80.54166666666667,0.21250000000000002,4.333333333333333,0.96875,97.58333333333333,67.5
2023-12-15,55.88333333333333,32.96666666666667,601.875,33.38333333333333,25.329166666666666,84.70833333333333,0.24458333333333335,2.6666666666666665,0.9625,95.70833333333333,66.08333333333333
2023-12-16,64.60416666666667,39.550000000000004,727.5416666666666,40.7,18.379166666666666,73.04166666666667,0.28958333333333336,8.125,0.9791666666666666,108.375,71.0
2023-12-17,74.42083333333333,40.391666666666666,625.25,29.474999999999998,21.258333333333333,81.95833333333333,0.30833333333333335,30.125,0.9395833333333333,107.54166666666667,70.41666666666667
2023-12-18,49.416666666666664,29.733333333333334,467.5,12.416666666666666,16.541666666666668,92.54166666666667,0.21375,11.333333333333334,0.9604166666666667,97.20833333333333,67.16666666666667
2023-12-19,54.40416666666667,34.5375,541.0,15.012500000000001,20.258333333333333,101.16666666666667,0.22416666666666665,5.75,1.0041666666666667,100.5,68.5
2023-12-20,43.03333333333333,27.891666666666666,499.0,18.05,19.404166666666665,95.83333333333333,0.20583333333333334,3.0,1.0,89.33333333333333,64.20833333333333
2023-12-21,34.15833333333333,23.150000000000002,530.5416666666666,24.579166666666666,21.40416666666667,88.33333333333333,0.20583333333333334,0.7083333333333334,0.9874999999999999,80.58333333333333,59.166666666666664
2023-12-22,34.75,23.875,607.7916666666666,29.575,19.099999999999998,83.33333333333333,0.17541666666666667,0.125,0.96875,76.95833333333333,56.583333333333336
2023-12-23,32.63333333333333,22.28333333333333,444.0416666666667,17.95,16.091666666666665,84.625,0.135,0.125,1.0458333333333332,68.33333333333333,47.25
2023-12-24,66.54166666666667,45.85833333333333,658.0416666666666,11.1625,22.0625,122.45833333333333,0.2579166666666667,0.0,0.9666666666666667,98.29166666666667,65.91666666666667
2023-12-25,67.19166666666666,45.40416666666667,730.9583333333334,29.370833333333334,24.170833333333334,105.04166666666667,0.3429166666666667,0.4583333333333333,0.9020833333333332,121.20833333333333,75.0
2023-12-26,78.59583333333333,52.55416666666667,929.1666666666666,32.37916666666667,22.53333333333333,101.95833333333333,0.25958333333333333,0.2916666666666667,0.9625,149.375,86.08333333333333
2023-12-27,56.574999999999996,37.31666666666667,739.9583333333334,26.891666666666666,21.320833333333333,94.875,0.23375,1.5,0.9208333333333334,115.41666666666667,71.25
2023-12-28,71.42083333333333,46.791666666666664,592.4583333333334,17.333333333333332,22.770833333333332,115.5,0.26,1.2083333333333333,0.8916666666666666,124.75,76.29166666666667
2023-12-29,43.65833333333333,28.8875,510.9583333333333,20.400000000000002,17.079166666666666,98.70833333333333,0.1366666666666667,1.5416666666666667,1.0687499999999999,107.95833333333333,70.625
2023-12-30,45.74166666666667,30.075,488.125,15.391666666666666,13.558333333333332,103.16666666666667,0.18916666666666668,4.041666666666667,0.9833333333333334,82.20833333333333,61.666666666666664
2023-12-31,62.95416666666667,40.69166666666667,570.3333333333334,15.883333333333333,19.1375,108.875,0.2591666666666667,6.0,0.9395833333333333,103.58333333333333,69.5
2024-01-01,57.59166666666667,38.55833333333333,679.0416666666666,17.279166666666665,22.162499999999998,111.70833333333333,0.2529166666666667,3.1666666666666665,0.94375,114.58333333333333,73.08333333333333
2024-01-02,60.1,40.387499999999996,898.75,34.666666666666664,26.145833333333332,107.25,0.34125,3.9583333333333335,0.9604166666666667,107.41666666666667,68.375
2024-01-03,64.1125,40.725,677.5416666666666,28.083333333333332,21.95,96.58333333333333,0.4270833333333333,9.291666666666666,0.9479166666666666,122.5,75.5
2024-01-04,61.87083333333334,38.766666666666666,495.8333333333333,16.5,15.966666666666667,106.29166666666667,0.3758333333333333,7.5,0.9666666666666667,104.54166666666667,69.33333333333333
2024-01-05,90.03750000000001,53.9375,642.0,21.820833333333336,19.754166666666666,100.95833333333333,0.5079166666666667,16.541666666666668,0.8770833333333333,131.0,78.29166666666667
2024-01-06,76.74166666666666,47.5375,633.2083333333334,14.195833333333333,18.458333333333332,106.875,0.43124999999999997,11.291666666666666,0.8854166666666666,140.95833333333334,81.41666666666667
2024-01-07,66.77083333333333,43.479166666666664,692.125,12.950000000000001,20.591666666666665,111.20833333333333,0.265,5.5,0.9520833333333334,126.875,76.95833333333333
2024-01-08,67.23333333333333,44.362500000000004,914.125,28.916666666666668,22.2625,104.375,0.32875,4.833333333333333,0.9333333333333332,116.875,73.79166666666667
2024-01-09,58.90833333333333,37.12083333333333,622.9583333333334,13.804166666666667,16.679166666666667,103.375,0.2791666666666667,10.458333333333334,1.0208333333333333,115.16666666666667,73.20833333333333
2024-01-10,56.46666666666667,37.125,656.5,18.8625,19.7,101.83333333333333,0.17416666666666666,4.916666666666667,1.0520833333333333,106.91666666666667,70.58333333333333
2024-01-11,50.487500000000004,33.208333333333336,842.875,36.541666666666664,22.670833333333334,74.875,0.11583333333333334,3.8333333333333335,1.1125,92.54166666666667,65.41666666666667
2024-01-12,55.137499999999996,37.012499999999996,866.375,54.25,27.95,59.416666666666664,0.13,2.0,1.1604166666666667,104.0,69.70833333333333
2024-01-13,53.76666666666667,34.012499999999996,840.0416666666666,49.00833333333333,13.920833333333334,52.625,0.13583333333333333,7.166666666666667,1.1770833333333333,113.33333333333333,72.75
2024-01-14,60.12083333333334,29.633333333333336,662.875,41.170833333333334,14.5375,71.70833333333333,0.24291666666666667,36.291666666666664,1.125,77.45833333333333,57.666666666666664
2024-01-15,99.8,54.84583333333333,819.875,35.49166666666667,18.8875,80.83333333333333,0.3979166666666667,41.708333333333336,1.00625,132.83333333333334,79.66666666666667
2024-01-16,67.37083333333334,25.308333333333334,438.4166666666667,28.729166666666668,7.266666666666667,66.41666666666667,0.245,69.0,1.0270833333333333,102.79166666666667,71.75
2024-01-17,88.85000000000001,46.775,687.2916666666666,31.675,20.2375,80.16666666666667,0.41208333333333336,41.041666666666664,0.9729166666666665,95.25,71.625
2024-01-18,96.69583333333333,61.11666666666667,871.4166666666666,26.120833333333334,25.974999999999998,111.95833333333333,0.4575,14.458333333333334,0.9208333333333333,148.29166666666666,86.0
2024-01-19,86.81666666666666,54.06666666666666,1053.5416666666667,46.93333333333334,30.666666666666668,100.70833333333333,0.48,14.958333333333334,0.9354166666666667,147.625,83.66666666666667
2024-01-20,93.4875,55.85833333333333,1182.25,49.95416666666667,22.875,89.0,0.5183333333333333,18.166666666666668,0.9500000000000001,155.375,88.20833333333333
2024-01-21,86.91666666666667,50.72083333333333,1013.375,53.50833333333333,24.516666666666666,80.41666666666667,0.52125,22.458333333333332,1.0,135.33333333333334,78.625
2024-01-22,90.925,52.3125,1023.2083333333334,48.75,20.533333333333335,79.70833333333333,0.4058333333333333,26.041666666666668,0.9916666666666667,151.41666666666666,87.125
2024-01-23,80.89166666666667,42.875,659.1666666666666,34.479166666666664,16.95,79.79166666666667,0.3045833333333333,40.5,1.1354166666666667,110.25,71.08333333333333
2024-01-24,98.58749999999999,54.44583333333333,828.9583333333334,35.00416666666667,27.28333333333333,88.70833333333333,0.34708333333333335,33.625,1.0520833333333333,138.54166666666666,80.58333333333333
2024-01-25,105.91666666666667,59.604166666666664,1041.5,47.51666666666667,23.087500000000002,71.5,0.3670833333333334,31.125,1.01875,152.83333333333334,88.95833333333333
2024-01-26,92.4375,54.81666666666666,804.5416666666666,34.8375,21.037499999999998,88.04166666666667,0.41791666666666666,20.833333333333332,1.0374999999999999,141.16666666666666,81.83333333333333
2024-01-27,96.16250000000001,60.229166666666664,869.2083333333334,26.6375,21.708333333333332,109.45833333333333,0.46458333333333335,13.666666666666666,0.9895833333333334,151.95833333333334,87.41666666666667
2024-01-28,90.8125,54.333333333333336,823.0,21.525000000000002,19.775000000000002,100.29166666666667,0.5054166666666667,16.166666666666668,0.9604166666666667,151.375,86.58333333333333
2024-01-29,50.05833333333334,23.875,357.0416666666667,18.900000000000002,5.9624999999999995,75.83333333333333,0.2975,30.5,1.0166666666666668,113.29166666666667,72.45833333333333
2024-01-30,74.53750000000001,24.224999999999998,375.125,24.116666666666664,7.258333333333333,63.375,0.30624999999999997,97.0,0.9104166666666668,72.79166666666667,61.541666666666664
2024-01-31,61.4125,22.504166666666666,344.625,20.55,6.3,71.125,0.2304166666666667,65.0,1.0625,74.04166666666667,68.33333333333333
2024-02-01,87.56666666666666,27.925,384.0833333333333,22.69583333333333,9.950000000000001,78.29166666666667,0.26833333333333337,132.41666666666666,1.1041666666666667,73.33333333333333,66.75
2024-02-02,134.66666666666666,40.766666666666666,409.9166666666667,27.666666666666668,11.325000000000001,59.791666666666664,0.4808333333333333,210.5,0.8687499999999999,100.08333333333333,83.29166666666667
2024-02-03,91.78750000000001,35.237500000000004,519.0,32.362500000000004,10.666666666666666,46.291666666666664,0.5087499999999999,109.5,0.8604166666666666,116.25,93.04166666666667
2024-02-04,79.15833333333333,24.1125,321.1666666666667,20.283333333333335,5.2124999999999995,71.0,0.6075,110.58333333333333,0.8583333333333333,82.91666666666667,72.20833333333333
2024-02-05,48.82916666666667,26.34166666666667,481.375,27.379166666666666,11.320833333333333,79.0,0.32875,14.25,1.1125,80.25,65.70833333333333
2024-02-06,53.72083333333333,24.358333333333334,451.0833333333333,26.5,10.25,84.08333333333333,0.33749999999999997,33.25,1.0604166666666666,80.16666666666667,60.791666666666664
2024-02-07,68.6375,31.97083333333333,445.5416666666667,21.1125,11.825000000000001,79.375,0.33916666666666667,50.625,1.1395833333333334,81.875,63.916666666666664
2024-02-08,52.645833333333336,28.349999999999998,482.0416666666667,24.008333333333336,13.416666666666666,89.91666666666667,0.205,30.125,1.3541666666666667,93.20833333333333,66.41666666666667
2024-02-09,53.35,26.858333333333334,575.8333333333334,32.55416666666667,11.866666666666667,74.95833333333333,0.16708333333333333,37.333333333333336,1.3604166666666666,85.70833333333333,62.458333333333336
2024-02-10,53.35833333333333,25.3,496.7916666666667,30.270833333333332,11.033333333333333,85.04166666666667,0.22708333333333333,39.625,1.4479166666666667,81.16666666666667,62.25
2024-02-11,44.95416666666667,25.733333333333334,483.9583333333333,27.979166666666668,13.35,88.20833333333333,0.19416666666666668,18.458333333333332,1.55,79.79166666666667,60.666666666666664
2024-02-12,50.90416666666667,32.770833333333336,624.3333333333334,36.229166666666664,16.037499999999998,84.75,0.3175,9.666666666666666,1.4312500000000001,86.29166666666667,62.541666666666664
2024-02-13,64.31666666666666,38.81666666666667,752.5,45.87916666666666,21.2375,69.0,0.38125000000000003,19.708333333333332,0.4875,101.79166666666667,68.95833333333333
2024-02-14,73.55416666666666,43.7875,938.875,50.07083333333333,20.425,68.41666666666667,0.31,22.958333333333332,1.4916666666666665,117.41666666666667,73.79166666666667
2024-02-15,79.575,48.19583333333333,955.0416666666666,51.81666666666666,17.633333333333333,71.625,0.29541666666666666,23.041666666666668,1.51875,128.83333333333334,77.58333333333333
2024-02-16,60.19166666666666,36.862500000000004,863.2083333333334,52.72083333333333,17.279166666666665,65.125,0.18416666666666667,17.5,1.6833333333333333,118.125,74.20833333333333
2024-02-17,50.012499999999996,30.858333333333334,730.0,44.55833333333334,15.104166666666666,70.91666666666667,0.15916666666666668,12.875,1.6395833333333334,104.375,69.375
2024-02-18,27.900000000000002,15.045833333333334,289.4166666666667,13.012500000000001,5.395833333333333,86.5,0.16125,5.291666666666667,1.7020833333333334,64.45833333333333,46.791666666666664
2024-02-19,44.53333333333333,17.837500000000002,254.33333333333334,8.979166666666666,3.7541666666666664,95.41666666666667,0.2704166666666667,36.833333333333336,1.5583333333333333,59.291666666666664,42.0
2024-02-20,49.02916666666667,20.8,258.1666666666667,11.391666666666666,4.775,99.33333333333333,0.1775,42.416666666666664,1.575,68.41666666666667,57.958333333333336
2024-02-21,55.62916666666666,19.729166666666668,289.875,13.170833333333334,5.0249999999999995,105.625,0.23416666666666666,60.25,1.4229166666666666,71.54166666666667,58.833333333333336
2024-02-22,68.14583333333333,18.833333333333332,372.375,22.1375,8.058333333333334,84.75,0.18541666666666667,109.20833333333333,1.6291666666666667,64.625,63.166666666666664
2024-02-23,87.1875,29.912499999999998,636.75,36.74583333333333,14.75,86.20833333333333,0.19499999999999998,112.04166666666667,1.6520833333333333,90.20833333333333,72.54166666666667
2024-02-24,64.53750000000001,19.2,338.875,17.829166666666666,10.091666666666667,98.125,0.18375,97.375,1.6895833333333332,77.83333333333333,70.16666666666667
2024-02-25,53.19166666666666,23.245833333333334,478.25,26.483333333333334,13.5375,77.5,0.20625000000000002,49.833333333333336,1.3354166666666665,73.91666666666667,64.75
2024-02-26,48.69166666666666,21.691666666666666,287.0833333333333,8.316666666666666,10.129166666666666,111.41666666666667,0.30541666666666667,45.416666666666664,1.5479166666666666,74.79166666666667,58.041666666666664
2024-02-27,69.875,34.833333333333336,334.625,8.8375,12.4375,106.66666666666667,0.34625,51.708333333333336,1.5291666666666668,88.83333333333333,65.45833333333333
2024-02-28,62.65833333333333,27.3875,386.0416666666667,13.5875,13.658333333333333,110.58333333333333,0.2870833333333333,59.958333333333336,1.7833333333333334,92.58333333333333,64.58333333333333
2024-02-29,61.8375,23.575,401.9166666666667,16.979166666666668,13.058333333333332,106.66666666666667,0.35625,72.70833333333333,1.8187499999999999,87.45833333333333,65.91666666666667
2024-03-01,63.49166666666667,25.383333333333336,445.125,21.8,9.029166666666667,88.04166666666667,0.34791666666666665,62.541666666666664,1.21875,79.16666666666667,66.95833333333333
2024-03-02,83.39583333333333,21.016666666666666,240.25,8.9125,6.895833333333333,81.08333333333333,0.14,145.45833333333334,1.95,71.75,66.625
2024-03-03,119.99166666666667,33.80416666666667,262.25,12.195833333333333,10.458333333333334,87.04166666666667,0.15125,198.95833333333334,1.8041666666666665,81.25,83.375
2024-03-04,79.825,29.391666666666666,421.375,21.758333333333336,15.629166666666668,83.75,0.15833333333333333,106.125,1.8499999999999999,95.91666666666667,78.79166666666667
2024-03-05,46.4,22.325,403.8333333333333,21.358333333333334,14.366666666666667,84.41666666666667,0.295,40.708333333333336,1.7229166666666667,82.5,65.5
2024-03-06,49.43333333333334,21.04583333333333,362.2083333333333,15.799999999999999,15.25,105.45833333333333,0.2579166666666667,50.041666666666664,1.9124999999999999,84.29166666666667,53.875
2024-03-07,60.05833333333334,22.34583333333333,332.5833333333333,16.491666666666667,11.325000000000001,98.79166666666667,0.17333333333333334,73.54166666666667,1.9375,79.04166666666667,62.041666666666664
2024-03-08,56.229166666666664,28.258333333333336,487.5416666666667,24.429166666666664,16.325,97.79166666666667,0.22208333333333333,38.333333333333336,1.9541666666666666,94.83333333333333,65.16666666666667
2024-03-09,60.362500000000004,32.15833333333333,537.125,28.287499999999998,16.566666666666666,95.41666666666667,0.3129166666666667,32.0,1.8604166666666666,99.5,65.25
2024-03-10,90.8125,43.98333333333333,631.2916666666666,34.81666666666667,22.891666666666666,84.79166666666667,0.40625,66.54166666666667,1.05,107.20833333333333,70.70833333333333
2024-03-11,56.30416666666667,22.933333333333334,326.0833333333333,14.854166666666666,8.112499999999999,86.75,0.18958333333333333,58.416666666666664,2.089583333333333,94.95833333333333,70.83333333333333
2024-03-12,38.69583333333333,18.375,302.5,15.820833333333333,8.345833333333333,75.5,0.24708333333333332,33.125,2.0458333333333334,69.875,54.958333333333336
2024-03-13,91.02083333333333,26.129166666666666,248.04166666666666,11.658333333333333,6.095833333333334,84.75,0.2704166666666667,161.29166666666666,2.0479166666666666,62.541666666666664,51.375
2024-03-14,130.55833333333334,42.975,358.6666666666667,19.516666666666666,13.508333333333333,91.08333333333333,0.19875,205.375,2.06875,110.16666666666667,91.79166666666667
2024-03-15,48.15,24.945833333333336,418.5416666666667,24.633333333333336,10.245833333333334,89.33333333333333,0.16208333333333333,37.25,2.0749999999999997,97.70833333333333,73.16666666666667
2024-03-16,59.887499999999996,25.854166666666668,378.5833333333333,22.395833333333332,10.004166666666666,92.375,0.19999999999999998,66.5,2.09375,85.41666666666667,62.25
2024-03-17,48.14166666666667,19.941666666666666,338.2083333333333,17.95,10.775,101.66666666666667,0.22624999999999998,51.208333333333336,2.127083333333333,85.20833333333333,61.791666666666664
2024-03-18,49.19166666666666,22.179166666666664,390.0,20.858333333333334,12.808333333333332,106.0,0.23583333333333334,42.25,2.0812500000000003,90.83333333333333,62.333333333333336
2024-03-19,54.85833333333333,16.650000000000002,328.3333333333333,18.974999999999998,6.983333333333333,76.91666666666667,0.22999999999999998,81.29166666666667,2.0541666666666667,67.58333333333333,58.666666666666664
2024-03-20,72.42916666666666,22.90833333333333,440.7083333333333,25.683333333333334,9.316666666666666,84.79166666666667,0.20291666666666666,104.54166666666667,2.05625,76.0,66.08333333333333
2024-03-21,61.34166666666667,25.616666666666664,311.0416666666667,17.037499999999998,5.941666666666666,78.5,0.20541666666666666,62.416666666666664,2.160416666666667,75.25,68.125
2024-03-22,56.0875,23.916666666666668,266.8333333333333,11.354166666666666,5.108333333333333,90.41666666666667,0.2604166666666667,48.125,2.1999999999999997,80.79166666666667,62.625
2024-03-23,71.0125,22.179166666666664,253.41666666666666,13.125,5.416666666666667,76.375,0.31375000000000003,97.375,2.0708333333333333,71.20833333333333,64.625
2024-03-24,58.0625,20.599999999999998,250.54166666666666,13.816666666666668,4.979166666666667,71.125,0.33875000000000005,77.20833333333333,2.120833333333333,71.29166666666667,67.04166666666667
2024-03-25,56.15,20.287499999999998,334.5,18.929166666666667,7.574999999999999,84.58333333333333,0.30916666666666665,71.66666666666667,2.120833333333333,76.0,63.75
2024-03-26,40.69166666666667,17.425,287.25,15.370833333333332,5.604166666666667,70.29166666666667,0.24416666666666667,35.833333333333336,2.2666666666666666,62.5,53.625
2024-03-27,61.43333333333334,19.3125,259.875,13.466666666666667,5.3500000000000005,75.75,0.18500000000000003,86.29166666666667,2.035416666666667,62.166666666666664,51.166666666666664
2024-03-28,41.608333333333334,12.391666666666666,282.4166666666667,14.729166666666666,5.5,105.95833333333333,0.18833333333333335,59.625,2.1979166666666665,68.66666666666667,60.333333333333336
2024-03-29,78.925,23.916666666666668,275.0416666666667,12.916666666666666,5.979166666666667,107.04166666666667,0.19499999999999998,110.375,2.2625,66.625,62.416666666666664
2024-03-30,107.81666666666666,30.191666666666666,225.25,9.008333333333333,4.5,96.20833333333333,0.2525,171.91666666666666,2.3354166666666667,80.04166666666667,75.08333333333333
2024-03-31,159.02083333333334,46.724999999999994,325.6666666666667,16.704166666666666,9.883333333333333,105.625,0.4995833333333333,265.25,1.8541666666666667,107.33333333333333,93.0
2024-04-01,96.08333333333333,31.683333333333334,334.9583333333333,18.245833333333334,8.916666666666666,93.33333333333333,0.3175,147.5,1.9729166666666667,116.70833333333333,93.875
2024-04-02,59.82083333333333,22.708333333333332,225.45833333333334,9.941666666666666,5.208333333333333,102.58333333333333,0.2529166666666667,65.20833333333333,2.252083333333333,80.91666666666667,71.41666666666667
2024-04-03,108.53333333333335,33.295833333333334,297.4166666666667,11.7875,6.616666666666667,126.66666666666667,0.43041666666666667,150.04166666666666,1.6520833333333333,98.58333333333333,69.29166666666667
2024-04-04,56.4375,17.504166666666666,282.5,14.137500000000001,5.875,111.125,0.3104166666666667,78.83333333333333,1.8791666666666667,83.58333333333333,79.04166666666667
2024-04-05,57.00833333333333,17.483333333333334,261.25,11.870833333333332,5.529166666666666,111.625,0.23458333333333334,75.66666666666667,2.0875,66.66666666666667,61.708333333333336
2024-04-06,49.0,15.304166666666667,263.4583333333333,12.020833333333334,5.7625,119.20833333333333,0.32708333333333334,57.666666666666664,2.025,74.04166666666667,60.583333333333336
2024-04-07,51.15833333333333,19.1375,306.9583333333333,16.925,6.5625,100.125,0.26666666666666666,55.125,2.160416666666667,67.41666666666667,58.708333333333336
2024-04-08,52.28333333333333,19.370833333333334,345.2083333333333,18.883333333333333,6.470833333333334,100.08333333333333,0.165,61.708333333333336,2.3291666666666666,72.66666666666667,61.875
2024-04-09,33.4625,13.904166666666667,312.8333333333333,17.166666666666668,5.729166666666667,84.04166666666667,0.15375,34.958333333333336,2.377083333333333,61.666666666666664,50.666666666666664
2024-04-10,40.62916666666667,17.083333333333332,265.75,14.920833333333334,6.129166666666666,61.208333333333336,0.17208333333333334,41.666666666666664,2.0479166666666666,57.583333333333336,39.25
2024-04-11,45.775,17.779166666666665,289.2083333333333,17.462500000000002,6.604166666666667,79.33333333333333,0.27208333333333334,47.125,2.1,65.5,47.958333333333336
2024-04-12,35.5375,13.379166666666668,260.7916666666667,15.095833333333333,6.375,69.875,0.32125,39.416666666666664,2.214583333333333,58.833333333333336,47.041666666666664
2024-04-13,45.93333333333334,14.408333333333333,225.41666666666666,13.416666666666666,5.425,61.041666666666664,0.46875,64.45833333333333,1.8833333333333335,50.75,37.541666666666664
2024-04-14,111.98333333333333,25.629166666666666,291.7083333333333,21.412499999999998,14.487499999999999,51.833333333333336,0.5325,205.08333333333334,0.5270833333333333,62.0,65.33333333333333
2024-04-15,73.21249999999999,22.349999999999998,314.2083333333333,19.058333333333334,8.466666666666667,57.708333333333336,0.44416666666666665,105.04166666666667,1.5958333333333332,86.58333333333333,86.29166666666667
2024-04-16,72.05833333333334,21.683333333333334,288.125,17.058333333333334,14.820833333333333,71.125,0.4275,111.08333333333333,1.4208333333333334,61.125,61.625
2024-04-17,62.84166666666667,24.59583333333333,349.0416666666667,20.366666666666667,14.204166666666667,83.125,0.3383333333333334,75.91666666666667,2.3125,81.125,71.125
2024-04-18,86.11666666666667,22.791666666666668,189.95833333333334,9.6625,5.3125,63.916666666666664,0.6591666666666667,146.04166666666666,1.48125,69.66666666666667,65.0
2024-04-19,57.387499999999996,25.616666666666664,206.70833333333334,6.3125,3.920833333333333,113.20833333333333,0.21666666666666667,45.166666666666664,2.25,80.75,73.16666666666667
2024-04-20,48.67916666666667,21.691666666666666,231.41666666666666,8.245833333333334,4.575,111.20833333333333,0.17416666666666666,39.333333333333336,2.1020833333333333,77.20833333333333,60.916666666666664
2024-04-21,54.31666666666666,23.3125,233.70833333333334,9.191666666666666,4.7875000000000005,98.91666666666667,0.1775,49.541666666666664,2.2020833333333334,73.04166666666667,60.208333333333336
2024-04-22,57.550000000000004,20.458333333333332,196.04166666666666,8.466666666666667,4.0874999999999995,70.5,0.18125,75.45833333333333,2.4916666666666667,70.29166666666667,62.166666666666664
2024-04-23,56.55416666666667,19.795833333333334,201.41666666666666,9.141666666666667,4.5249999999999995,78.79166666666667,0.18041666666666667,69.5,2.5145833333333334,66.875,62.708333333333336
2024-04-24,51.10833333333333,19.320833333333333,216.95833333333334,10.200000000000001,5.120833333333333,72.79166666666667,0.19833333333333333,56.5,2.3729166666666663,65.04166666666667,61.125
2024-04-25,46.14166666666667,16.591666666666665,216.20833333333334,11.0875,4.695833333333334,67.75,0.21291666666666667,55.791666666666664,2.44375,64.5,57.5
2024-04-26,65.68333333333334,16.816666666666666,200.08333333333334,8.033333333333333,4.216666666666667,77.125,0.38833333333333336,103.66666666666667,2.160416666666667,57.916666666666664,57.791666666666664
2024-04-27,60.03333333333333,15.9125,219.83333333333334,10.241666666666667,4.8125,75.91666666666667,0.34833333333333333,95.375,2.2583333333333333,60.166666666666664,66.0
2024-04-28,66.26666666666667,18.016666666666666,225.25,11.408333333333333,6.2124999999999995,77.79166666666667,0.35250000000000004,112.58333333333333,2.245833333333333,58.5,64.5
2024-04-29,118.32916666666667,26.879166666666666,259.7916666666667,13.525,6.3,90.0,0.38458333333333333,225.08333333333334,2.2687500000000003,73.33333333333333,75.125
2024-04-30,127.33333333333333,30.208333333333332,255.66666666666666,12.129166666666668,6.566666666666666,102.29166666666667,0.2791666666666667,237.70833333333334,2.45625,89.83333333333333,91.75
2024-05-01,146.82500000000002,35.112500000000004,257.625,13.220833333333333,9.279166666666667,100.45833333333333,0.22,282.7083333333333,2.6354166666666665,92.83333333333333,94.45833333333333
2024-05-02,114.87083333333334,38.175000000000004,325.375,17.258333333333333,11.5375,108.20833333333333,0.26875,178.54166666666666,2.504166666666667,119.16666666666667,94.20833333333333
2024-05-03,52.975,17.508333333333333,231.08333333333334,11.579166666666666,5.720833333333334,62.0,0.2504166666666667,74.95833333333333,1.602083333333333,76.91666666666667,71.83333333333333
2024-05-04,48.5625,21.46666666666667,207.875,8.291666666666666,4.379166666666666,79.75,0.20625000000000002,44.5,2.404166666666667,71.41666666666667,62.0
2024-05-05,48.958333333333336,18.224999999999998,191.41666666666666,7.370833333333334,3.891666666666667,64.70833333333333,0.29958333333333337,58.541666666666664,2.4916666666666667,65.33333333333333,54.291666666666664
2024-05-06,60.6875,15.112499999999999,208.5,10.5,4.579166666666667,69.5,0.41875,105.58333333333333,2.25625,57.458333333333336,56.5
2024-05-07,62.0875,17.716666666666665,237.25,12.704166666666666,5.6499999999999995,76.33333333333333,0.2804166666666667,98.54166666666667,2.504166666666667,62.791666666666664,66.875
2024-05-08,31.9375,9.320833333333333,205.25,11.779166666666667,5.670833333333333,61.166666666666664,0.20541666666666666,46.125,2.6875,50.625,49.166666666666664
2024-05-09,33.52916666666667,9.904166666666667,194.95833333333334,10.125,5.5375000000000005,55.75,0.19416666666666668,50.0,2.7270833333333333,39.041666666666664,33.958333333333336
2024-05-10,41.93333333333333,11.9375,210.66666666666666,10.066666666666666,6.279166666666666,58.375,0.16708333333333333,60.0,2.797916666666667,45.791666666666664,37.166666666666664
2024-05-11,58.64166666666667,16.370833333333334,206.58333333333334,10.416666666666666,7.2749999999999995,68.29166666666667,0.24166666666666667,84.75,2.3645833333333335,55.458333333333336,59.25
2024-05-12,68.15416666666667,15.379166666666668,222.0,11.475,7.545833333333333,85.58333333333333,0.3975,117.25,2.1166666666666667,61.916666666666664,62.416666666666664
2024-05-13,100.325,19.258333333333333,225.91666666666666,12.799999999999999,8.191666666666666,79.875,0.33375,198.91666666666666,2.3520833333333333,68.0,75.91666666666667
2024-05-14,66.63333333333334,19.129166666666666,241.125,15.133333333333333,8.654166666666667,82.5,0.21083333333333332,107.58333333333333,2.65625,72.54166666666667,73.29166666666667
2024-05-15,38.87916666666667,13.991666666666667,197.45833333333334,11.383333333333333,5.916666666666667,75.41666666666667,0.17166666666666666,51.333333333333336,2.6458333333333335,61.208333333333336,58.791666666666664
2024-05-16,39.37916666666667,15.570833333333333,231.375,12.441666666666668,5.604166666666667,67.29166666666667,0.15416666666666667,44.875,2.6479166666666667,55.708333333333336,41.25
2024-05-17,48.387499999999996,16.529166666666665,231.375,11.8375,4.966666666666667,68.79166666666667,0.18625,68.33333333333333,2.7312499999999997,58.166666666666664,47.041666666666664
2024-05-18,27.875,11.0875,219.0,11.1875,4.754166666666666,66.625,0.2175,31.75,2.7687500000000003,55.083333333333336,43.208333333333336
2024-05-19,25.045833333333334,8.520833333333334,186.29166666666666,10.470833333333333,5.1499999999999995,53.208333333333336,0.18958333333333333,30.125,2.775,39.25,27.125
2024-05-20,37.358333333333334,10.320833333333333,186.08333333333334,8.950000000000001,4.375,60.25,0.37625,56.5,2.4583333333333335,38.791666666666664,31.0
2024-05-21,65.62083333333334,14.65,206.16666666666666,9.670833333333333,4.820833333333334,67.875,0.415,121.04166666666667,2.43125,47.416666666666664,51.791666666666664
2024-05-22,56.175000000000004,14.9,211.29166666666666,10.229166666666666,5.133333333333334,70.83333333333333,0.37958333333333333,95.45833333333333,2.5708333333333333,56.666666666666664,65.41666666666667
2024-05-23,46.479166666666664,14.983333333333334,212.04166666666666,10.362499999999999,5.075,71.625,0.2841666666666667,66.75,2.6958333333333333,56.875,60.166666666666664
2024-05-24,36.99583333333333,13.591666666666667,188.04166666666666,10.070833333333333,5.670833333333333,75.83333333333333,0.23458333333333334,42.208333333333336,2.716666666666667,54.75,44.958333333333336
2024-05-25,58.13333333333333,17.554166666666667,188.25,10.633333333333333,5.8374999999999995,79.66666666666667,0.2529166666666667,84.0,2.691666666666667,58.083333333333336,51.5
2024-05-26,56.12916666666666,18.650000000000002,178.79166666666666,8.725,4.745833333333334,71.875,0.34791666666666665,77.33333333333333,2.6416666666666666,62.333333333333336,62.958333333333336
2024-05-27,71.29166666666667,22.087500000000002,163.83333333333334,7.295833333333333,4.05,69.41666666666667,0.49374999999999997,104.08333333333333,2.3874999999999997,69.20833333333333,66.04166666666667
2024-05-28,56.02916666666667,18.783333333333335,155.41666666666666,6.3125,3.466666666666667,65.41666666666667,0.4175,76.125,2.6125000000000003,68.79166666666667,66.08333333333333
2024-05-29,82.37916666666666,20.891666666666666,179.33333333333334,7.875,3.775,75.66666666666667,0.42625,149.83333333333334,2.74375,65.04166666666667,65.95833333333333
2024-05-30,64.30833333333334,18.333333333333332,189.95833333333334,9.604166666666666,5.158333333333333,76.41666666666667,0.32875,103.54166666666667,2.733333333333333,66.41666666666667,69.75
2024-05-31,87.16666666666667,20.016666666666666,186.125,8.583333333333334,5.858333333333333,73.41666666666667,0.48583333333333334,156.20833333333334,2.21875,65.08333333333333,69.16666666666667
2024-06-01,204.33333333333334,42.78333333333333,214.25,10.254166666666666,5.408333333333334,86.45833333333333,1.0395833333333333,418.4583333333333,1.5708333333333335,90.125,94.125
2024-06-02,56.02916666666667,16.895833333333332,171.625,7.808333333333334,5.629166666666666,63.791666666666664,0.48875,79.45833333333333,2.3,98.41666666666667,98.375
2024-06-03,78.12083333333334,15.933333333333332,156.54166666666666,7.0874999999999995,5.1125,61.5,0.4375,144.66666666666666,2.3625000000000003,59.5,64.91666666666667
2024-06-04,71.67083333333333,19.041666666666668,137.375,5.45,3.8041666666666667,63.5,0.4141666666666666,114.04166666666667,2.24375,63.25,71.58333333333333
2024-06-05,72.64583333333333,20.104166666666668,139.125,5.241666666666666,3.4791666666666665,60.416666666666664,0.5191666666666667,111.625,2.0145833333333334,66.66666666666667,68.66666666666667
2024-06-06,67.03750000000001,21.629166666666666,142.875,5.7124999999999995,3.7583333333333333,59.958333333333336,0.7070833333333333,92.25,1.8604166666666666,68.5,68.41666666666667
2024-06-07,71.77083333333333,19.587500000000002,164.04166666666666,6.883333333333333,4.729166666666667,61.208333333333336,0.535,112.91666666666667,2.4479166666666665,69.58333333333333,67.70833333333333
2024-06-08,61.708333333333336,16.337500000000002,159.66666666666666,7.116666666666667,4.395833333333333,57.583333333333336,0.5795833333333333,98.75,2.2395833333333335,63.25,67.5
2024-06-09,50.6,14.049999999999999,152.625,7.479166666666667,4.55,58.625,0.4683333333333333,76.95833333333333,2.475,55.625,61.666666666666664
2024-06-10,49.73333333333333,15.495833333333332,147.5,6.670833333333333,4.245833333333334,60.166666666666664,0.38833333333333336,70.58333333333333,2.5479166666666666,55.416666666666664,60.041666666666664
2024-06-11,46.87083333333334,18.1875,154.125,6.1125,3.908333333333333,62.666666666666664,0.45458333333333334,47.583333333333336,2.525,60.5,57.458333333333336
2024-06-12,45.05833333333334,19.275000000000002,152.20833333333334,5.645833333333333,3.7416666666666667,63.083333333333336,0.39958333333333335,37.041666666666664,2.4916666666666667,63.833333333333336,50.083333333333336
2024-06-13,53.95416666666667,21.4375,155.04166666666666,5.533333333333334,3.725,64.95833333333333,0.4070833333333333,53.75,2.347916666666667,66.875,55.958333333333336
2024-06-14,66.97500000000001,21.349999999999998,145.375,5.820833333333333,4.054166666666666,62.875,0.4266666666666667,88.70833333333333,2.310416666666667,70.79166666666667,63.666666666666664
2024-06-15,70.71666666666667,19.595833333333335,158.75,7.3500000000000005,5.104166666666667,62.291666666666664,0.5545833333333333,108.66666666666667,2.2125,68.70833333333333,68.125
2024-06-16,70.3875,20.645833333333332,181.54166666666666,7.720833333333334,5.2375,65.33333333333333,0.5337500000000001,104.95833333333333,2.347916666666667,67.54166666666667,68.875
2024-06-17,97.54583333333333,19.933333333333334,175.95833333333334,7.454166666666667,5.1375,63.666666666666664,0.44875,180.66666666666666,2.1104166666666666,65.95833333333333,70.04166666666667
2024-06-18,57.5375,15.862499999999999,150.70833333333334,5.966666666666666,4.2124999999999995,58.75,0.5075,84.91666666666667,1.78125,66.33333333333333,74.04166666666667
2024-06-19,85.36666666666667,18.241666666666667,156.33333333333334,6.754166666666666,4.529166666666667,64.20833333333333,0.6058333333333333,160.75,2.1875,60.791666666666664,67.875
2024-06-20,134.475,30.5625,176.91666666666666,9.195833333333333,5.3625,72.70833333333333,1.0695833333333333,257.0833333333333,1.5125000000000002,75.70833333333333,81.54166666666667
2024-06-21,129.775,28.641666666666666,169.91666666666666,8.454166666666667,5.733333333333333,68.875,1.0975,244.25,1.6708333333333334,90.5,94.08333333333333
2024-06-22,189.03333333333333,34.15416666666667,210.25,12.049999999999999,10.875,78.83333333333333,1.0791666666666666,396.25,1.6145833333333333,102.75,104.33333333333333
2024-06-23,139.20000000000002,26.554166666666664,199.04166666666666,11.204166666666666,6.6499999999999995,61.958333333333336,0.8216666666666667,278.9166666666667,1.9729166666666667,106.20833333333333,107.0
2024-06-24,127.99166666666667,27.879166666666666,194.83333333333334,11.045833333333334,6.308333333333334,63.791666666666664,0.7179166666666666,250.33333333333334,1.9937500000000001,90.41666666666667,94.41666666666667
2024-06-25,111.32916666666667,26.675,190.75,11.429166666666667,7.2250000000000005,72.70833333333333,0.5279166666666667,208.58333333333334,2.1145833333333335,82.04166666666667,86.875
2024-06-26,115.29583333333333,25.804166666666664,204.5,12.683333333333332,8.4375,77.0,0.605,218.16666666666666,2.285416666666667,82.0,84.70833333333333
2024-06-27,122.10416666666667,25.604166666666668,209.04166666666666,12.695833333333333,7.666666666666667,66.45833333333333,0.7766666666666667,239.25,2.0520833333333335,82.08333333333333,87.66666666666667
2024-06-28,71.53750000000001,23.583333333333332,220.75,11.645833333333334,13.104166666666666,74.66666666666667,0.66375,104.375,1.40625,79.70833333333333,83.04166666666667
2024-06-29,34.208333333333336,15.7875,221.66666666666666,11.8125,13.354166666666666,71.83333333333333,0.36791666666666667,30.583333333333332,2.464583333333333,67.91666666666667,52.791666666666664
2024-06-30,29.900000000000002,15.799999999999999,207.95833333333334,11.158333333333333,10.820833333333333,68.91666666666667,0.48041666666666666,17.583333333333332,1.0708333333333333,57.666666666666664,32.208333333333336
2024-07-01,88.0125,24.333333333333332,170.33333333333334,7.3875,5.5125,69.04166666666667,0.6370833333333333,141.54166666666666,2.160416666666667,63.75,51.583333333333336
2024-07-02,98.85416666666667,27.59166666666667,164.66666666666666,7.125,5.504166666666666,67.20833333333333,0.8025000000000001,157.41666666666666,1.8083333333333333,82.875,80.5
2024-07-03,93.86666666666667,22.175,154.20833333333334,6.783333333333334,5.329166666666667,58.75,0.9049999999999999,164.08333333333334,1.8229166666666667,76.5,76.58333333333333
2024-07-04,101.2625,22.991666666666664,153.45833333333334,6.991666666666667,5.966666666666666,58.375,0.7233333333333333,183.875,2.1020833333333333,71.75,78.875
2024-07-05,103.825,24.775000000000002,147.375,6.925,5.904166666666666,61.125,0.8300000000000001,183.875,1.7541666666666667,75.54166666666667,82.16666666666667
2024-07-06,113.21666666666665,30.662499999999998,150.79166666666666,6.758333333333333,5.008333333333334,74.41666666666667,1.3275,189.0,1.2645833333333332,82.54166666666667,82.70833333333333
2024-07-07,125.91666666666667,34.362500000000004,174.375,8.445833333333333,5.7749999999999995,77.66666666666667,1.4116666666666668,210.79166666666666,1.2416666666666667,96.08333333333333,87.45833333333333
2024-07-08,172.42499999999998,40.387499999999996,230.20833333333334,12.4375,15.445833333333333,87.54166666666667,1.3495833333333334,314.0416666666667,1.0895833333333333,96.04166666666667,94.125
2024-07-09,121.10833333333333,34.90416666666667,273.0416666666667,16.625,14.158333333333333,89.58333333333333,1.04375,194.75,1.2041666666666668,116.91666666666667,105.41666666666667
2024-07-10,109.75833333333333,32.920833333333334,251.58333333333334,15.695833333333333,8.75,66.5,0.63,172.75,2.1458333333333335,102.25,86.29166666666667
2024-07-11,76.35416666666667,25.5,180.875,9.045833333333333,4.429166666666666,53.458333333333336,0.6720833333333333,107.625,1.9979166666666666,86.375,77.625
2024-07-12,69.05833333333334,25.616666666666664,152.25,7.108333333333333,3.3333333333333335,47.541666666666664,1.1675,82.125,1.1854166666666666,76.91666666666667,68.04166666666667
2024-07-13,77.86666666666666,26.962500000000002,180.41666666666666,9.308333333333334,3.8708333333333336,48.666666666666664,1.3995833333333334,96.58333333333333,0.8916666666666667,81.5,69.33333333333333
2024-07-14,79.88333333333334,23.787499999999998,184.41666666666666,9.995833333333334,4.808333333333334,46.166666666666664,1.0762500000000002,122.54166666666667,1.1937499999999999,78.375,70.41666666666667
2024-07-15,162.88750000000002,32.93333333333333,235.16666666666666,14.666666666666666,8.6875,64.41666666666667,0.9770833333333333,312.1666666666667,1.5020833333333332,85.91666666666667,87.45833333333333
2024-07-16,135.91666666666666,31.479166666666668,242.79166666666666,16.008333333333333,8.1,68.91666666666667,0.8054166666666666,256.2083333333333,1.9354166666666668,99.79166666666667,101.79166666666667
2024-07-17,110.64999999999999,29.599999999999998,239.41666666666666,14.679166666666667,9.5375,74.5,0.8558333333333333,183.83333333333334,1.6395833333333334,87.45833333333333,89.20833333333333
2024-07-18,98.75416666666666,29.0625,185.54166666666666,9.375,6.904166666666666,70.375,0.6379166666666667,160.70833333333334,2.2291666666666665,88.29166666666667,81.95833333333333
2024-07-19,95.19583333333333,33.47083333333333,216.0,10.466666666666667,6.229166666666667,77.20833333333333,0.7225,130.75,2.00625,92.16666666666667,78.41666666666667
2024-07-20,110.18333333333334,35.30833333333333,266.2916666666667,15.708333333333334,10.358333333333333,84.58333333333333,0.7108333333333333,162.54166666666666,1.9479166666666667,96.125,80.54166666666667
2024-07-21,80.56666666666666,36.62083333333333,347.75,18.320833333333333,17.775000000000002,108.83333333333333,0.6775000000000001,76.5,2.1083333333333334,119.0,80.91666666666667
2024-07-22,65.31666666666666,24.995833333333334,232.79166666666666,10.941666666666668,6.808333333333334,73.29166666666667,0.6708333333333334,77.33333333333333,1.9583333333333333,91.04166666666667,67.66666666666667
2024-07-23,85.7375,25.5,186.33333333333334,8.416666666666666,4.995833333333334,61.541666666666664,0.6958333333333333,129.25,1.4312500000000001,75.625,67.58333333333333
2024-07-24,134.30833333333334,31.045833333333334,174.75,7.708333333333333,4.875,57.166666666666664,0.8370833333333333,246.20833333333334,1.5729166666666667,88.08333333333333,86.79166666666667
2024-07-25,152.17083333333332,34.375,177.91666666666666,8.704166666666667,5.6375,54.958333333333336,1.18,282.75,1.175,92.75,95.66666666666667
2024-07-26,137.06666666666666,33.32083333333333,174.125,8.058333333333334,5.333333333333333,62.958333333333336,0.96875,244.29166666666666,1.66875,98.45833333333333,98.20833333333333
2024-07-27,150.65,33.5625,169.54166666666666,7.766666666666667,5.370833333333334,63.833333333333336,0.86875,283.0,2.0500000000000003,93.16666666666667,95.375
2024-07-28,174.8166666666667,38.96666666666667,218.25,12.704166666666666,9.408333333333333,63.833333333333336,0.8654166666666666,334.875,1.375,107.58333333333333,108.08333333333333
2024-07-29,164.87083333333334,34.78333333333333,237.54166666666666,14.9,15.329166666666666,62.875,0.6808333333333333,322.0,1.7791666666666668,106.91666666666667,107.41666666666667
2024-07-30,95.8,30.162499999999998,260.0833333333333,16.683333333333334,9.216666666666667,59.625,0.8075,147.70833333333334,0.8020833333333334,101.04166666666667,96.33333333333333
2024-07-31,35.979166666666664,17.349999999999998,263.75,16.4375,8.820833333333333,64.25,0.35625,30.791666666666668,1.7458333333333333,71.375,55.916666666666664
2024-08-01,55.625,21.920833333333334,192.04166666666666,9.595833333333333,4.175,56.5,0.5266666666666667,61.625,1.8958333333333333,64.41666666666667,46.916666666666664
2024-08-02,94.05416666666667,26.40833333333333,188.58333333333334,10.666666666666666,4.220833333333333,44.166666666666664,1.1729166666666666,148.0,0.7937500000000001,77.5,70.125
2024-08-03,116.32916666666667,32.11666666666667,231.95833333333334,15.495833333333332,5.520833333333333,42.666666666666664,1.3841666666666665,188.83333333333334,0.4916666666666667,86.83333333333333,81.95833333333333
2024-08-04,138.27083333333334,33.90833333333333,239.04166666666666,14.891666666666666,5.745833333333334,49.208333333333336,1.01375,243.95833333333334,1.2229166666666667,94.29166666666667,89.70833333333333
2024-08-05,113.37083333333334,28.191666666666666,220.70833333333334,13.379166666666668,6.945833333333334,49.708333333333336,0.9545833333333333,191.29166666666666,1.6770833333333333,93.5,93.83333333333333
2024-08-06,85.02916666666667,23.004166666666666,206.91666666666666,12.929166666666667,5.404166666666666,44.166666666666664,0.8429166666666666,132.375,1.1854166666666666,76.625,77.25
2024-08-07,73.25833333333334,20.316666666666666,167.45833333333334,7.4624999999999995,3.829166666666666,49.75,0.7779166666666666,112.70833333333333,1.9083333333333334,71.25,72.5
2024-08-08,66.60833333333333,20.079166666666666,185.5,8.541666666666666,4.4125000000000005,51.708333333333336,0.56625,93.75,1.9979166666666668,68.45833333333333,67.66666666666667
2024-08-09,65.72500000000001,18.329166666666666,186.41666666666666,8.295833333333333,4.358333333333333,50.041666666666664,0.5466666666666666,100.83333333333333,1.7416666666666665,66.41666666666667,67.70833333333333
2024-08-10,55.333333333333336,16.116666666666667,154.95833333333334,6.658333333333334,3.6625,47.333333333333336,0.6291666666666667,78.33333333333333,1.6125,59.625,63.083333333333336
2024-08-11,52.1875,15.85,156.25,6.8625,3.470833333333333,44.416666666666664,0.6233333333333333,71.0,1.5354166666666667,58.208333333333336,61.875
2024-08-12,87.15833333333335,18.837500000000002,179.45833333333334,9.1875,4.558333333333334,42.125,0.6725,147.125,1.4625000000000001,61.875,68.0
2024-08-13,87.79583333333333,17.1125,194.5,10.458333333333334,5.625,44.541666666666664,0.6191666666666666,167.25,1.7479166666666666,63.0,71.54166666666667
2024-08-14,117.72083333333335,18.441666666666666,173.0,8.066666666666666,4.9750000000000005,45.333333333333336,0.5483333333333333,241.625,1.9083333333333332,78.08333333333333,84.45833333333333
2024-08-15,82.10416666666667,19.037499999999998,170.79166666666666,7.1625000000000005,4.629166666666666,45.375,0.6033333333333334,143.08333333333334,1.7999999999999998,72.04166666666667,79.625
2024-08-16,65.46666666666667,19.254166666666666,167.79166666666666,7.9125000000000005,4.641666666666667,40.583333333333336,0.68125,99.125,1.3499999999999999,65.875,70.08333333333333
2024-08-17,78.07083333333334,20.783333333333335,192.45833333333334,11.083333333333334,5.5,37.625,0.535,125.83333333333333,1.0062499999999999,66.0,67.375
2024-08-18,72.47083333333333,20.179166666666667,202.33333333333334,12.2875,5.758333333333333,36.083333333333336,0.52375,118.16666666666667,0.7666666666666666,68.95833333333333,71.33333333333333
2024-08-19,54.020833333333336,17.929166666666667,213.08333333333334,11.458333333333334,5.5125,42.666666666666664,0.4154166666666667,76.54166666666667,1.7104166666666665,65.75,65.95833333333333
2024-08-20,43.074999999999996,16.395833333333332,193.0,8.920833333333333,4.55,43.583333333333336,0.33875000000000005,51.083333333333336,2.10625,61.0,55.333333333333336
2024-08-21,44.53333333333333,16.745833333333334,176.79166666666666,7.533333333333332,4.183333333333334,47.0,0.4808333333333333,51.041666666666664,2.027083333333333,58.666666666666664,41.708333333333336
2024-08-22,63.59166666666667,18.883333333333333,178.04166666666666,7.791666666666667,4.4875,50.75,0.61125,96.5,1.804166666666667,63.666666666666664,61.75
2024-08-23,63.225,18.004166666666666,173.79166666666666,7.066666666666666,4.2,52.416666666666664,0.5970833333333333,98.875,1.8270833333333334,63.291666666666664,64.54166666666667
2024-08-24,79.80833333333334,21.133333333333333,176.79166666666666,7.304166666666667,4.341666666666667,53.458333333333336,0.5516666666666666,133.58333333333334,2.0500000000000003,63.916666666666664,67.25
2024-08-25,81.96249999999999,23.6875,170.45833333333334,6.6000000000000005,4.041666666666667,55.708333333333336,0.48666666666666664,127.70833333333333,2.2666666666666666,74.08333333333333,74.625
2024-08-26,68.47083333333333,21.233333333333334,192.875,9.945833333333335,5.1875,60.291666666666664,0.60125,99.29166666666667,1.9604166666666665,71.875,68.70833333333333
2024-08-27,50.62083333333334,20.791666666666668,284.625,13.975,8.254166666666666,84.70833333333333,0.6745833333333334,55.25,1.19375,73.125,66.08333333333333
2024-08-28,17.604166666666668,11.629166666666668,364.9583333333333,17.325,8.85,81.125,0.2654166666666667,2.375,0.3625,59.833333333333336,38.125
2024-08-29,28.0625,15.520833333333334,354.3333333333333,20.045833333333334,9.158333333333333,74.95833333333333,0.37833333333333335,15.541666666666666,1.1479166666666667,50.541666666666664,32.833333333333336
2024-08-30,23.129166666666666,14.033333333333333,207.16666666666666,8.458333333333334,6.829166666666667,71.95833333333333,0.21666666666666667,13.875,1.625,56.791666666666664,32.083333333333336
2024-08-31,34.770833333333336,11.9,182.16666666666666,9.775,7.2124999999999995,42.333333333333336,0.4075,47.166666666666664,0.9874999999999999,53.25,30.0
2024-09-01,41.204166666666666,14.025,260.2083333333333,14.875,10.6,34.583333333333336,0.44916666666666666,52.041666666666664,1.6833333333333333,49.75,35.0
2024-09-02,48.1625,15.362499999999999,302.875,21.270833333333332,10.033333333333333,42.5,0.46291666666666664,66.0,1.6916666666666667,57.125,54.0
2024-09-03,62.262499999999996,16.191666666666666,284.9583333333333,20.645833333333332,8.720833333333333,46.041666666666664,0.4566666666666667,105.83333333333333,1.83125,57.041666666666664,59.333333333333336
2024-09-04,63.40416666666667,18.883333333333333,241.41666666666666,17.7375,6.133333333333333,34.958333333333336,0.5116666666666666,99.5,1.28125,62.791666666666664,67.25
2024-09-05,40.666666666666664,16.816666666666666,194.16666666666666,10.858333333333334,4.2625,46.125,0.5845833333333333,39.916666666666664,1.9104166666666664,62.208333333333336,56.416666666666664
2024-09-06,50.875,19.058333333333334,213.33333333333334,12.533333333333333,4.6625000000000005,45.041666666666664,0.5125000000000001,59.833333333333336,1.6208333333333333,62.541666666666664,48.416666666666664
2024-09-07,49.925000000000004,17.479166666666668,227.41666666666666,14.225,5.454166666666667,44.583333333333336,0.3958333333333333,63.833333333333336,1.5166666666666666,64.04166666666667,60.208333333333336
2024-09-08,48.041666666666664,14.8375,229.5,14.454166666666666,5.629166666666666,47.458333333333336,0.32708333333333334,69.08333333333333,1.7770833333333333,58.958333333333336,59.125
2024-09-09,66.27916666666667,17.366666666666667,200.91666666666666,12.045833333333334,4.816666666666666,51.708333333333336,0.4291666666666667,108.58333333333333,1.7687499999999998,56.833333333333336,58.041666666666664
2024-09-10,90.07916666666667,24.695833333333336,234.125,14.254166666666668,5.3625,53.208333333333336,0.5391666666666667,141.29166666666666,1.5,67.83333333333333,70.83333333333333
2024-09-11,168.1875,37.17916666666667,247.45833333333334,14.575000000000001,6.758333333333333,64.95833333333333,0.52,315.3333333333333,1.7958333333333334,92.33333333333333,92.33333333333333
2024-09-12,172.32916666666665,36.32083333333333,213.125,11.391666666666666,5.291666666666667,62.666666666666664,0.4675,334.8333333333333,1.9749999999999999,108.375,108.79166666666667
2024-09-13,83.99583333333334,22.804166666666664,168.33333333333334,7.795833333333333,3.6999999999999997,57.083333333333336,0.5554166666666667,130.5,1.7562499999999999,90.20833333333333,92.125
2024-09-14,74.40416666666667,23.266666666666666,169.375,7.716666666666666,3.6875,59.25,0.49500000000000005,104.875,1.6312499999999999,74.20833333333333,72.41666666666667
2024-09-15,51.612500000000004,21.287499999999998,181.375,8.366666666666667,4.120833333333333,57.75,0.49666666666666665,48.25,1.5645833333333334,70.79166666666667,64.45833333333333
2024-09-16,50.7875,21.425,181.375,9.033333333333333,4.341666666666667,54.708333333333336,0.49625,46.25,1.7520833333333332,70.83333333333333,60.708333333333336
2024-09-17,51.875,17.895833333333332,187.83333333333334,9.620833333333334,4.6875,53.583333333333336,0.5287499999999999,63.166666666666664,1.6666666666666667,66.625,59.916666666666664
2024-09-18,47.61666666666667,16.008333333333333,205.70833333333334,11.0875,5.6125,59.125,0.41291666666666665,58.666666666666664,1.9312500000000001,60.666666666666664,59.416666666666664
2024-09-19,57.03333333333333,17.054166666666667,221.41666666666666,13.987499999999999,7.295833333333333,62.083333333333336,0.3695833333333333,80.66666666666667,2.0708333333333333,58.666666666666664,57.625
2024-09-20,53.354166666666664,16.679166666666667,220.04166666666666,12.65,6.245833333333334,60.041666666666664,0.36916666666666664,73.16666666666667,2.0541666666666667,60.208333333333336,62.625
2024-09-21,62.112500000000004,20.108333333333334,197.20833333333334,9.220833333333333,5.179166666666666,59.458333333333336,0.3329166666666667,79.625,2.1,62.875,62.291666666666664
2024-09-22,70.82916666666667,22.25,195.79166666666666,8.854166666666666,4.925,60.958333333333336,0.34208333333333335,95.58333333333333,2.0187500000000003,70.66666666666667,67.16666666666667
2024-09-23,62.324999999999996,20.4375,197.25,8.637500000000001,4.858333333333333,61.125,0.31958333333333333,80.33333333333333,2.0708333333333333,69.83333333333333,66.75
2024-09-24,55.5375,19.5,192.75,8.983333333333333,5.154166666666667,60.208333333333336,0.255,66.70833333333333,2.1354166666666665,67.08333333333333,63.875
2024-09-25,43.43333333333334,18.695833333333333,192.79166666666666,10.575000000000001,5.5125,56.333333333333336,0.24250000000000002,36.791666666666664,2.158333333333333,65.41666666666667,56.416666666666664
2024-09-26,47.775,18.650000000000002,200.08333333333334,10.866666666666667,5.3,55.291666666666664,0.28958333333333336,51.708333333333336,2.0749999999999997,64.5,50.875
2024-09-27,50.3125,17.954166666666666,179.70833333333334,8.404166666666667,4.445833333333334,52.791666666666664,0.33125,60.375,1.9583333333333333,62.041666666666664,55.958333333333336
2024-09-28,51.57916666666667,17.8875,177.375,8.1875,4.2875000000000005,53.416666666666664,0.375,61.791666666666664,1.7916666666666667,64.16666666666667,60.666666666666664
2024-09-29,64.3,17.154166666666665,182.29166666666666,9.841666666666667,5.058333333333334,53.208333333333336,0.36874999999999997,102.125,1.8604166666666666,61.25,62.541666666666664
2024-09-30,33.237500000000004,13.391666666666666,177.79166666666666,10.295833333333333,5.116666666666666,49.375,0.2554166666666667,33.833333333333336,2.0375,57.291666666666664,55.166666666666664
2024-10-01,24.541666666666668,11.529166666666667,204.0,10.458333333333334,4.691666666666666,47.375,0.20916666666666664,15.541666666666666,2.125,50.458333333333336,29.083333333333332
2024-10-02,28.666666666666668,12.862499999999999,197.41666666666666,9.520833333333334,4.504166666666666,49.583333333333336,0.24958333333333335,18.958333333333332,1.9937500000000001,49.166666666666664,26.25
2024-10-03,32.02916666666667,13.879166666666668,191.66666666666666,7.866666666666667,3.9583333333333335,52.833333333333336,0.30333333333333334,22.833333333333332,1.9312500000000001,53.833333333333336,32.083333333333336
2024-10-04,35.050000000000004,15.458333333333334,180.875,7.279166666666666,3.704166666666667,51.333333333333336,0.29,24.791666666666668,1.8333333333333333,55.25,32.791666666666664
2024-10-05,39.520833333333336,15.479166666666666,175.95833333333334,8.862499999999999,4.375,49.875,0.36000000000000004,37.291666666666664,1.5,57.791666666666664,37.666666666666664
2024-10-06,46.93333333333334,17.179166666666667,222.5,12.579166666666666,7.020833333333333,54.041666666666664,0.3445833333333333,51.125,1.3479166666666667,58.5,44.333333333333336
2024-10-07,47.84583333333333,19.545833333333334,275.8333333333333,17.154166666666665,12.266666666666666,72.25,0.23791666666666667,50.0,1.7562499999999999,65.875,56.708333333333336
2024-10-08,43.324999999999996,22.1125,337.4166666666667,20.075,11.9,85.83333333333333,0.3516666666666666,26.875,1.5083333333333335,73.45833333333333,54.916666666666664
2024-10-09,47.25416666666666,26.379166666666666,343.0416666666667,19.587500000000002,7.829166666666667,79.75,0.3591666666666667,19.375,1.5979166666666667,77.79166666666667,57.875
2024-10-10,49.32916666666667,27.070833333333336,445.25,27.983333333333334,9.820833333333333,73.41666666666667,0.3729166666666666,23.458333333333332,1.5562500000000001,84.20833333333333,62.166666666666664
2024-10-11,55.77916666666667,27.5125,455.5416666666667,25.329166666666666,11.958333333333334,81.70833333333333,0.3025,37.166666666666664,1.65625,80.16666666666667,60.0
2024-10-12,79.75416666666666,41.22083333333333,481.8333333333333,23.308333333333334,17.712500000000002,116.75,0.3925,34.625,1.5520833333333333,112.70833333333333,69.5
2024-10-13,46.15,28.295833333333334,413.8333333333333,23.758333333333336,15.658333333333333,79.04166666666667,0.285,7.375,1.2083333333333333,104.33333333333333,69.58333333333333
2024-10-14,38.074999999999996,24.704166666666666,370.375,19.145833333333332,16.133333333333333,86.04166666666667,0.33708333333333335,3.4166666666666665,1.0520833333333333,76.79166666666667,57.666666666666664
2024-10-15,40.954166666666666,26.004166666666666,352.375,17.041666666666668,14.329166666666666,110.0,0.41625,2.6666666666666665,1.5687499999999999,89.45833333333333,61.541666666666664
2024-10-16,35.083333333333336,21.666666666666668,315.9166666666667,14.695833333333333,8.733333333333333,100.08333333333333,0.30583333333333335,2.0833333333333335,1.6604166666666667,81.25,57.958333333333336
2024-10-17,35.625,20.666666666666668,305.2083333333333,15.325000000000001,6.5249999999999995,74.375,0.2333333333333333,6.083333333333333,1.76875,68.41666666666667,45.083333333333336
2024-10-18,35.78333333333333,22.3875,409.4583333333333,22.974999999999998,13.791666666666666,77.66666666666667,0.26958333333333334,3.875,1.6812500000000001,75.75,50.666666666666664
2024-10-19,41.6,25.6125,384.25,20.729166666666668,11.683333333333332,92.16666666666667,0.32666666666666666,4.5,1.5625,87.79166666666667,57.916666666666664
2024-10-20,39.275,23.508333333333336,390.9583333333333,21.125,8.929166666666667,87.58333333333333,0.3745833333333333,4.375,1.5520833333333333,84.75,61.5
2024-10-21,34.449999999999996,19.183333333333334,332.3333333333333,17.266666666666666,8.475,81.91666666666667,0.38999999999999996,7.541666666666667,1.48125,73.70833333333333,49.291666666666664
2024-10-22,47.824999999999996,26.337500000000002,346.6666666666667,17.0625,8.720833333333333,90.125,0.3758333333333333,11.791666666666666,1.5604166666666668,74.29166666666667,50.083333333333336
2024-10-23,58.82083333333333,33.65833333333333,417.7916666666667,22.708333333333332,9.799999999999999,85.66666666666667,0.36541666666666667,12.625,1.4875,95.70833333333333,66.25
2024-10-24,46.012499999999996,24.650000000000002,516.9583333333334,29.191666666666666,11.237499999999999,80.875,0.28458333333333335,19.833333333333332,1.4770833333333335,94.58333333333333,64.54166666666667
2024-10-25,36.416666666666664,15.775,362.5,21.308333333333334,7.341666666666666,74.79166666666667,0.19416666666666668,31.458333333333332,1.6083333333333334,67.83333333333333,48.583333333333336
2024-10-26,47.9375,16.141666666666666,401.4166666666667,18.883333333333333,5.916666666666667,70.83333333333333,0.17166666666666666,59.166666666666664,1.6395833333333334,55.833333333333336,42.75
2024-10-27,77.10833333333333,26.979166666666668,794.5833333333334,27.0,9.454166666666667,70.70833333333333,0.22208333333333333,104.91666666666667,1.5062499999999999,66.54166666666667,62.125
2024-10-28,77.3,30.787499999999998,572.0833333333334,20.554166666666667,6.6499999999999995,68.125,0.17708333333333334,85.29166666666667,1.616666666666667,89.25,73.5
2024-10-29,119.19166666666666,41.36666666666667,579.0833333333334,17.679166666666667,5.966666666666666,71.58333333333333,0.3725,159.375,1.3854166666666667,99.66666666666667,76.04166666666667
2024-10-30,141.03333333333333,38.775,494.5416666666667,21.2375,6.691666666666666,68.125,0.3325,234.16666666666666,1.45,117.625,96.79166666666667
2024-10-31,101.10833333333333,37.887499999999996,517.25,26.2,10.058333333333334,73.41666666666667,0.29833333333333334,130.08333333333334,1.4104166666666667,104.79166666666667,86.58333333333333
2024-11-01,68.59166666666667,29.7375,463.5833333333333,25.354166666666668,7.979166666666667,63.875,0.22458333333333333,73.58333333333333,1.3729166666666668,99.58333333333333,76.20833333333333
2024-11-02,51.800000000000004,24.25,541.3333333333334,21.275000000000002,6.25,63.5,0.18083333333333332,43.208333333333336,1.414583333333333,78.95833333333333,62.125
2024-11-03,59.10833333333333,27.40833333333333,749.5833333333334,29.420833333333334,9.4125,59.541666666666664,0.2020833333333333,52.333333333333336,1.3479166666666667,81.95833333333333,63.375
2024-11-04,49.8125,25.795833333333334,729.5833333333334,31.041666666666668,11.041666666666666,68.54166666666667,0.1708333333333333,34.041666666666664,1.4437499999999999,82.91666666666667,62.416666666666664
2024-11-05,48.729166666666664,28.03333333333333,583.1666666666666,29.354166666666668,9.345833333333333,73.08333333333333,0.19083333333333333,15.0,1.3791666666666667,80.5,61.0
2024-11-06,42.55833333333333,25.708333333333332,626.625,28.770833333333332,8.924999999999999,73.83333333333333,0.1729166666666667,6.0,1.3833333333333335,83.91666666666667,62.333333333333336
2024-11-07,48.041666666666664,27.208333333333332,553.2916666666666,22.575,6.7875000000000005,72.70833333333333,0.20291666666666666,11.208333333333334,1.3395833333333333,82.29166666666667,61.791666666666664
2024-11-08,39.56666666666667,19.483333333333334,776.2916666666666,20.420833333333334,7.233333333333333,68.45833333333333,0.15583333333333335,23.041666666666668,1.3166666666666667,72.66666666666667,50.958333333333336
2024-11-09,43.24166666666667,21.4875,642.75,24.683333333333334,7.55,65.20833333333333,0.14125000000000001,24.625,1.3104166666666666,68.79166666666667,46.0
2024-11-10,40.71666666666667,20.770833333333332,570.8333333333334,25.054166666666664,6.6499999999999995,57.333333333333336,0.14708333333333334,21.5,1.2916666666666667,68.875,44.166666666666664
2024-11-11,48.275,23.425,806.0,26.145833333333332,7.1125,55.291666666666664,0.19291666666666665,32.25,1.2166666666666666,72.54166666666667,50.5
2024-11-12,59.9625,29.34166666666667,938.4583333333334,34.708333333333336,12.383333333333333,49.041666666666664,0.19416666666666668,49.166666666666664,1.20625,77.54166666666667,61.333333333333336
2024-11-13,56.675000000000004,41.454166666666666,803.4166666666666,42.641666666666666,25.891666666666666,56.125,0.26,26.083333333333332,1.1833333333333333,104.04166666666667,69.625
2024-11-14,45.604166666666664,37.97083333333333,754.0833333333334,38.22083333333333,22.666666666666668,65.70833333333333,0.33625,12.708333333333334,1.1187500000000001,107.45833333333333,70.625
2024-11-15,43.39166666666667,39.92916666666667,692.0,28.991666666666664,20.866666666666667,91.79166666666667,0.41875,5.875,1.0270833333333333,112.95833333333333,71.0
2024-11-16,38.574999999999996,33.59166666666667,807.125,28.983333333333334,20.375,83.95833333333333,0.3045833333333334,8.458333333333334,1.125,107.25,70.5
2024-11-17,40.09166666666667,30.454166666666666,917.875,31.65416666666667,19.991666666666667,69.75,0.3658333333333333,15.125,1.0041666666666667,90.95833333333333,64.83333333333333
2024-11-18,51.0375,42.112500000000004,972.2083333333334,42.925000000000004,22.354166666666668,62.541666666666664,0.39458333333333334,16.0,1.05625,99.33333333333333,67.91666666666667
2024-11-19,48.137499999999996,41.9625,929.6666666666666,40.458333333333336,21.229166666666668,63.833333333333336,0.3345833333333333,10.958333333333334,1.1083333333333334,124.45833333333333,76.25
2024-11-20,32.90833333333333,28.504166666666666,851.5416666666666,28.087500000000002,18.025000000000002,72.20833333333333,0.24666666666666667,6.916666666666667,1.1729166666666666,97.375,67.29166666666667
2024-11-21,36.016666666666666,32.6625,1046.75,35.833333333333336,21.120833333333334,59.583333333333336,0.23916666666666667,4.75,1.1604166666666667,93.5,65.875
2024-11-22,26.333333333333332,23.366666666666664,973.4583333333334,27.120833333333334,18.6375,75.45833333333333,0.24125,3.0416666666666665,1.1125,81.54166666666667,59.916666666666664
2024-11-23,25.05,21.370833333333334,962.9583333333334,26.495833333333334,16.504166666666666,67.91666666666667,0.20166666666666666,3.75,1.0979166666666667,70.66666666666667,48.666666666666664
2024-11-24,33.80833333333333,28.870833333333334,1013.9583333333334,34.47083333333334,23.545833333333334,72.0,0.26,6.708333333333333,1.0395833333333333,78.66666666666667,56.583333333333336
2024-11-25,46.525,40.729166666666664,959.2916666666666,53.52916666666667,28.445833333333336,65.875,0.2604166666666667,10.25,1.1208333333333333,97.95833333333333,66.875
2024-11-26,48.62083333333334,41.99583333333333,1009.1666666666666,48.99166666666667,28.454166666666666,60.25,0.245,11.458333333333334,1.05625,127.125,77.08333333333333
2024-11-27,38.0375,28.46666666666667,1102.5,40.65416666666667,20.204166666666666,53.875,0.18500000000000003,13.208333333333334,1.0729166666666667,95.75,66.625
2024-11-28,43.24583333333334,36.225,1461.4583333333333,44.0,29.295833333333334,52.333333333333336,0.22875,9.083333333333334,1.0020833333333334,98.0,67.45833333333333
2024-11-29,32.199999999999996,25.770833333333332,869.875,33.40833333333333,23.40833333333333,63.25,0.22791666666666666,9.416666666666666,1.04375,85.625,63.25
2024-11-30,40.737500000000004,37.375,829.125,37.74583333333333,18.629166666666666,65.29166666666667,0.3145833333333333,5.833333333333333,1.0145833333333332,88.04166666666667,63.75
2024-12-01,52.699999999999996,50.237500000000004,1113.7916666666667,36.87083333333333,23.212500000000002,78.75,0.35375,4.416666666666667,0.9500000000000001,122.875,75.70833333333333
2024-12-02,44.833333333333336,42.17916666666667,938.7916666666666,36.608333333333334,17.579166666666666,74.25,0.30416666666666664,5.041666666666667,0.9479166666666666,128.04166666666666,77.375
2024-12-03,47.625,43.74583333333334,613.4166666666666,15.908333333333333,15.995833333333332,94.95833333333333,0.2966666666666667,7.0,0.9874999999999999,120.54166666666667,74.95833333333333
2024-12-04,53.90416666666667,47.73333333333333,701.7083333333334,15.441666666666668,18.995833333333334,96.25,0.34,11.458333333333334,0.9645833333333335,126.08333333333333,76.75
2024-12-05,58.88333333333333,50.04583333333333,1093.7083333333333,28.925,22.59166666666667,72.33333333333333,0.2708333333333333,16.291666666666668,0.9895833333333334,134.5,79.45833333333333
2024-12-06,57.38333333333333,36.65833333333333,1179.2916666666667,38.44166666666667,28.704166666666666,62.416666666666664,0.14833333333333334,36.083333333333336,1.0625,124.45833333333333,76.16666666666667
2024-12-07,35.27916666666667,32.1,828.8333333333334,47.34583333333333,29.962500000000002,56.916666666666664,0.11041666666666666,5.125,1.09375,86.25,63.583333333333336
2024-12-08,38.975,29.204166666666666,460.8333333333333,37.920833333333334,18.566666666666666,54.333333333333336,0.10416666666666667,18.041666666666668,1.0541666666666667,97.5,67.45833333333333
2024-12-09,37.145833333333336,25.866666666666664,1039.25,35.6625,14.391666666666666,52.75,0.10875,20.458333333333332,1.0291666666666666,82.79166666666667,61.958333333333336
2024-12-10,32.46666666666667,29.6875,1030.7916666666667,28.3,16.570833333333333,65.75,0.13458333333333333,4.666666666666667,1.01875,76.125,56.291666666666664
2024-12-11,44.94166666666667,39.949999999999996,1033.5833333333333,43.225,26.229166666666668,60.791666666666664,0.18041666666666667,8.958333333333334,0.9874999999999999,100.5,68.41666666666667
2024-12-12,32.88333333333333,28.616666666666664,643.6666666666666,33.59583333333333,15.075000000000001,61.041666666666664,0.15291666666666667,7.75,0.9979166666666667,107.70833333333333,70.79166666666667
2024-12-13,20.662499999999998,17.525000000000002,535.875,14.125,13.441666666666668,81.33333333333333,0.1025,5.25,1.0229166666666667,66.29166666666667,46.0
2024-12-14,28.916666666666668,27.733333333333334,695.0,15.8375,18.291666666666668,93.625,0.165,2.2916666666666665,0.9708333333333333,76.16666666666667,54.541666666666664
2024-12-15,26.129166666666666,25.416666666666668,883.75,29.008333333333336,20.875,79.70833333333333,0.14541666666666667,1.25,0.9812500000000001,80.83333333333333,60.625
2024-12-16,29.162499999999998,28.804166666666664,1062.3333333333333,38.32083333333333,23.954166666666666,65.0,0.16541666666666668,0.5416666666666666,1.0229166666666667,78.79166666666667,60.291666666666664
2024-12-17,57.074999999999996,38.09166666666666,904.0833333333334,28.6375,20.4125,69.54166666666667,0.28875,36.125,0.9833333333333334,100.54166666666667,68.29166666666667
2024-12-18,41.65,36.87916666666667,729.75,21.420833333333334,18.966666666666665,86.25,0.2675,8.833333333333334,0.9229166666666666,103.08333333333333,69.41666666666667
2024-12-19,43.93333333333334,39.72083333333333,928.5,27.116666666666664,22.804166666666664,86.875,0.27416666666666667,7.666666666666667,0.8958333333333334,108.70833333333333,71.20833333333333
2024-12-20,33.6,29.941666666666666,777.6666666666666,20.825,19.779166666666665,80.70833333333333,0.21375,6.625,0.9458333333333333,98.33333333333333,67.625
2024-12-21,41.824999999999996,40.208333333333336,790.5416666666666,18.454166666666666,23.570833333333336,104.875,0.23958333333333334,2.7083333333333335,0.9354166666666667,98.58333333333333,67.375
2024-12-22,53.6875,47.19166666666666,1076.875,26.879166666666666,24.287499999999998,86.33333333333333,0.32583333333333336,11.625,0.875,124.33333333333333,76.20833333333333
2024-12-23,70.54583333333333,56.76666666666667,1171.0,40.699999999999996,26.8,66.91666666666667,0.32666666666666666,24.416666666666668,0.8979166666666667,134.875,79.58333333333333
2024-12-24,69.425,68.07916666666667,880.2916666666666,20.116666666666667,21.59583333333333,95.83333333333333,0.4295833333333334,2.0,0.84375,154.45833333333334,91.08333333333333
2024-12-25,67.75833333333334,66.79166666666667,878.3333333333334,14.9,23.212500000000002,113.83333333333333,0.43,1.3333333333333333,0.85,156.54166666666666,94.25
2024-12-26,60.979166666666664,59.362500000000004,838.4583333333334,17.258333333333333,24.77916666666667,105.75,0.36375,2.5833333333333335,0.9083333333333333,155.33333333333334,92.45833333333333
2024-12-27,43.775,42.3125,1341.8333333333333,28.004166666666666,22.27916666666667,84.83333333333333,0.22291666666666668,2.2083333333333335,0.9604166666666667,135.0,79.79166666666667
2024-12-28,27.349999999999998,25.412499999999998,976.8333333333334,34.4375,21.633333333333336,65.25,0.1125,3.375,1.0416666666666667,96.625,66.95833333333333
2024-12-29,31.458333333333332,28.266666666666666,931.5416666666666,31.945833333333336,17.283333333333335,69.125,0.14708333333333334,5.541666666666667,1.03125,79.41666666666667,60.583333333333336
2024-12-30,40.458333333333336,39.72083333333333,1220.125,28.900000000000002,19.3,86.08333333333333,0.19208333333333336,1.1666666666666667,0.99375,92.95833333333333,65.75
2024-12-31,40.02916666666667,39.079166666666666,1384.0833333333333,30.845833333333335,18.658333333333335,73.08333333333333,0.2020833333333333,1.75,1.0104166666666667,117.54166666666667,74.04166666666667
2025-01-01,40.68333333333333,37.52916666666667,972.75,20.754166666666666,17.966666666666665,90.91666666666667,0.22208333333333333,5.958333333333333,0.9958333333333332,98.875,67.875
2025-01-02,55.4,51.3375,1431.6666666666667,32.391666666666666,23.758333333333336,89.875,0.23458333333333334,7.5,0.9874999999999999,123.375,75.95833333333333
2025-01-03,72.95833333333333,66.60833333333333,1241.0416666666667,35.795833333333334,30.425,98.16666666666667,0.4595833333333333,11.958333333333334,0.8812500000000001,150.83333333333334,87.75
2025-01-04,69.32916666666667,51.67916666666667,776.3333333333334,36.06666666666667,24.8125,65.79166666666667,0.2704166666666667,32.125,1.075,156.33333333333334,94.08333333333333
2025-01-05,55.06666666666666,40.22083333333333,908.6666666666666,39.32083333333333,26.183333333333334,67.33333333333333,0.21125000000000002,26.958333333333332,1.0354166666666667,104.70833333333333,69.66666666666667
2025-01-06,35.25833333333333,31.079166666666666,1103.7083333333333,41.30833333333333,21.633333333333336,53.666666666666664,0.13833333333333334,8.041666666666666,1.1479166666666667,106.5,70.375
2025-01-07,22.954166666666666,21.925,958.9166666666666,31.349999999999998,15.595833333333333,73.95833333333333,0.09375,1.7083333333333333,1.125,75.04166666666667,54.958333333333336
2025-01-08,28.087500000000002,27.829166666666666,1175.4166666666667,37.4375,30.141666666666666,75.5,0.10125,0.25,1.1187500000000001,80.75,59.416666666666664
2025-01-09,34.52916666666667,33.829166666666666,1418.375,44.02916666666667,24.170833333333334,70.0,0.155,0.9166666666666666,1.0979166666666667,88.95833333333333,63.75
2025-01-10,46.35833333333333,45.6875,1071.2083333333333,53.05833333333334,24.416666666666668,63.625,0.5404166666666667,1.125,0.8020833333333334,108.16666666666667,71.0
2025-01-11,45.47083333333333,45.12916666666666,1102.5,41.833333333333336,28.900000000000002,74.83333333333333,0.3333333333333333,0.5,0.9416666666666668,130.20833333333334,78.08333333333333
2025-01-12,41.75416666666667,41.62083333333333,1100.9583333333333,35.40833333333333,22.983333333333334,87.375,0.22916666666666666,0.16666666666666666,1.0291666666666666,122.16666666666667,74.91666666666667
2025-01-13,53.9375,53.12083333333334,893.7083333333334,13.700000000000001,16.433333333333334,104.375,0.30375,1.625,1.0020833333333334,133.54166666666666,78.95833333333333
2025-01-14,57.770833333333336,55.854166666666664,951.75,30.587500000000002,19.358333333333334,85.875,0.3958333333333333,3.25,0.93125,142.33333333333334,81.95833333333333
2025-01-15,61.24166666666667,55.60833333333333,1064.6666666666667,37.358333333333334,21.054166666666667,74.41666666666667,0.38166666666666665,10.0,0.9541666666666666,148.125,84.0
2025-01-16,78.47500000000001,69.3,1367.6666666666667,45.82916666666667,34.137499999999996,80.95833333333333,0.37875,16.291666666666668,0.9333333333333332,153.5,89.66666666666667
2025-01-17,42.329166666666666,37.275,769.4583333333334,22.52916666666667,17.275000000000002,90.08333333333333,0.21125000000000002,9.541666666666666,1.075,142.83333333333334,84.75
2025-01-18,45.75,43.68333333333334,782.7916666666666,19.833333333333332,17.95,102.0,0.25875,3.8333333333333335,1.0229166666666667,110.75,71.875
2025-01-19,47.62916666666666,46.44583333333333,1000.9166666666666,25.979166666666668,19.412499999999998,97.125,0.2970833333333333,2.25,0.9791666666666666,121.33333333333333,75.33333333333333
2025-01-20,57.62916666666666,56.425000000000004,1320.125,29.395833333333332,24.2375,98.125,0.32,2.25,0.99375,140.25,81.375
2025-01-21,53.025,49.11666666666667,1226.2083333333333,27.354166666666668,24.329166666666666,101.83333333333333,0.3658333333333333,7.208333333333333,0.9770833333333333,142.79166666666666,82.08333333333333
2025-01-22,41.12916666666667,30.96666666666667,728.875,27.65833333333333,17.6375,79.33333333333333,0.21166666666666667,17.166666666666668,1.10625,115.875,73.375
2025-01-23,38.175000000000004,31.825,657.25,30.104166666666668,15.1,70.04166666666667,0.22208333333333333,12.041666666666666,1.0895833333333333,99.5,68.20833333333333
2025-01-24,19.645833333333332,16.204166666666666,640.8333333333334,17.0125,11.549999999999999,89.79166666666667,0.11958333333333333,6.25,1.1625,67.66666666666667,48.708333333333336
2025-01-25,26.008333333333336,22.575,1166.7083333333333,29.991666666666664,17.345833333333335,79.5,0.11958333333333333,5.75,1.21875,65.625,43.625
2025-01-26,39.074999999999996,34.09583333333333,967.8333333333334,46.458333333333336,27.608333333333334,61.0,0.13083333333333333,9.666666666666666,1.2208333333333334,89.0,63.458333333333336
2025-01-27,44.62083333333334,38.50833333333333,970.5833333333334,46.9625,28.03333333333333,53.833333333333336,0.12041666666666667,10.625,1.2770833333333333,105.875,70.25
2025-01-28,33.583333333333336,31.016666666666666,803.0,42.391666666666666,25.516666666666666,53.25,0.11,3.2916666666666665,1.3395833333333333,100.16666666666667,68.25
2025-01-29,40.12083333333333,22.116666666666664,543.3333333333334,24.34166666666667,12.879166666666668,68.875,0.14458333333333334,28.125,1.3499999999999999,77.375,56.333333333333336
2025-01-30,74.84166666666667,33.324999999999996,591.0833333333334,22.166666666666668,14.408333333333333,78.45833333333333,0.2504166666666667,74.25,1.21875,81.25,61.041666666666664
2025-01-31,91.175,34.170833333333334,429.1666666666667,18.3875,14.916666666666666,75.16666666666667,0.17166666666666666,103.875,1.2395833333333333,100.95833333333333,75.08333333333333
2025-02-01,102.58333333333333,43.708333333333336,666.75,35.99583333333333,17.708333333333332,65.5,0.21666666666666667,105.79166666666667,1.1583333333333334,105.25,81.5
2025-02-02,30.962500000000002,24.616666666666664,678.0416666666666,25.099999999999998,13.041666666666666,80.45833333333333,0.285,12.458333333333334,1.1958333333333333,97.375,67.875
2025-02-03,35.42916666666667,27.349999999999998,648.4166666666666,15.295833333333334,17.904166666666665,105.25,0.30416666666666664,14.583333333333334,1.1812500000000001,82.375,59.875
2025-02-04,34.520833333333336,18.3125,481.5833333333333,16.379166666666666,11.025,93.375,0.1525,27.375,1.2020833333333332,77.54166666666667,55.75
2025-02-05,37.583333333333336,22.370833333333334,731.8333333333334,29.34583333333333,16.95,73.125,0.12791666666666665,27.208333333333332,1.2645833333333334,65.125,42.875
2025-02-06,31.71666666666667,24.441666666666666,746.4583333333334,34.00416666666667,14.679166666666667,64.25,0.125,13.416666666666666,1.2416666666666667,81.54166666666667,60.708333333333336
2025-02-07,25.275000000000002,18.008333333333333,563.375,21.116666666666667,12.0375,83.58333333333333,0.15041666666666667,13.166666666666666,1.2791666666666666,63.458333333333336,44.0
2025-02-08,37.5375,29.712500000000002,801.9583333333334,27.27916666666667,18.379166666666666,86.41666666666667,0.1875,14.708333333333334,1.2625,74.45833333333333,51.583333333333336
2025-02-09,38.233333333333334,35.71666666666667,864.3333333333334,35.0,24.083333333333332,80.375,0.21083333333333334,4.5,1.3083333333333333,99.04166666666667,67.45833333333333
2025-02-10,28.829166666666666,26.229166666666668,551.5416666666666,23.858333333333334,16.095833333333335,87.08333333333333,0.23416666666666666,1.875,1.3229166666666667,92.875,65.70833333333333
2025-02-11,79.67916666666666,29.516666666666666,447.9166666666667,18.0375,12.541666666666666,79.125,0.28208333333333335,91.41666666666667,1.3145833333333334,76.70833333333333,58.541666666666664
2025-02-12,114.40416666666665,50.79583333333333,853.2083333333334,34.93333333333333,22.65833333333333,70.875,0.33125,114.45833333333333,1.2854166666666667,113.29166666666667,81.66666666666667
2025-02-13,85.99583333333334,49.95416666666667,989.7083333333334,42.07083333333333,29.358333333333334,68.66666666666667,0.29625,67.16666666666667,1.3479166666666667,146.29166666666666,84.125
2025-02-14,57.6,27.462500000000002,428.8333333333333,22.55,12.700000000000001,72.875,0.20166666666666666,52.458333333333336,1.4416666666666667,105.0,70.70833333333333
2025-02-15,67.01666666666667,29.412499999999998,359.7083333333333,16.983333333333334,11.008333333333333,81.625,0.19833333333333333,67.58333333333333,1.4562499999999998,81.58333333333333,63.333333333333336
2025-02-16,57.375,24.620833333333334,424.6666666666667,17.275000000000002,10.566666666666666,78.70833333333333,0.26458333333333334,58.75,1.4583333333333333,83.91666666666667,65.33333333333333
2025-02-17,50.85,27.395833333333332,774.4583333333334,28.320833333333336,17.370833333333334,83.375,0.36000000000000004,43.041666666666664,1.3291666666666666,79.33333333333333,61.25
2025-02-18,50.9375,22.308333333333334,603.6666666666666,24.245833333333334,12.5,67.125,0.30875,50.541666666666664,1.51875,86.91666666666667,64.75
2025-02-19,49.00416666666666,18.708333333333332,343.0,13.424999999999999,9.220833333333333,79.33333333333333,0.32583333333333336,54.416666666666664,1.539583333333333,63.041666666666664,45.75
2025-02-20,120.53750000000001,35.96666666666667,641.4166666666666,24.379166666666666,16.916666666666668,83.0,0.40875,159.54166666666666,1.4479166666666667,76.91666666666667,70.16666666666667
2025-02-21,128.275,48.15,1043.125,35.71666666666667,24.166666666666668,56.75,0.41791666666666666,145.66666666666666,0.7354166666666666,115.83333333333333,93.16666666666667
2025-02-22,55.10833333333333,36.55416666666667,883.4583333333334,35.125,26.195833333333336,84.58333333333333,0.24958333333333335,33.625,1.7083333333333333,128.66666666666666,80.91666666666667
2025-02-23,42.69166666666666,30.3,655.4583333333334,31.15833333333333,20.816666666666666,77.375,0.25708333333333333,20.75,1.6416666666666666,99.33333333333333,68.04166666666667
2025-02-24,47.979166666666664,22.808333333333334,627.9166666666666,34.074999999999996,24.27916666666667,58.125,0.34625,45.416666666666664,1.3333333333333333,73.66666666666667,54.291666666666664
2025-02-25,79.82916666666667,34.00833333333333,881.5833333333334,47.02916666666667,33.329166666666666,40.333333333333336,0.33416666666666667,83.5,1.2604166666666667,84.25,66.16666666666667
2025-02-26,51.52916666666667,21.833333333333332,555.75,37.77916666666667,21.525000000000002,41.291666666666664,0.285,53.458333333333336,1.4291666666666665,86.79166666666667,67.54166666666667
2025-02-27,28.075,16.570833333333333,365.6666666666667,23.65833333333333,14.870833333333332,52.958333333333336,0.29958333333333337,17.083333333333332,1.3666666666666665,63.291666666666664,42.5
2025-02-28,59.40833333333333,28.020833333333332,299.5416666666667,12.950000000000001,10.55,89.79166666666667,0.49500000000000005,52.666666666666664,1.3416666666666668,71.75,50.125
2025-03-01,56.57916666666667,29.229166666666668,427.3333333333333,17.608333333333334,14.025,97.83333333333333,0.32416666666666666,44.791666666666664,1.5062499999999999,87.04166666666667,63.458333333333336
2025-03-02,43.050000000000004,27.391666666666666,608.1666666666666,22.079166666666666,16.720833333333335,92.25,0.405,25.291666666666668,1.3375000000000001,92.95833333333333,64.04166666666667
2025-03-03,74.97500000000001,27.916666666666668,363.625,14.929166666666667,11.620833333333332,86.04166666666667,0.44250000000000006,83.625,1.4416666666666667,76.375,59.208333333333336
2025-03-04,102.96249999999999,36.358333333333334,582.5416666666666,25.941666666666666,14.058333333333332,79.125,0.24458333333333335,118.875,1.6479166666666665,104.66666666666667,82.54166666666667
2025-03-05,36.375,21.120833333333334,600.0416666666666,23.4875,15.237499999999999,90.5,0.12291666666666667,27.166666666666668,1.8395833333333333,87.08333333333333,65.41666666666667
2025-03-06,33.46666666666667,20.3625,547.4583333333334,25.054166666666664,17.1375,88.04166666666667,0.18583333333333332,22.083333333333332,1.8729166666666668,71.45833333333333,48.458333333333336
2025-03-07,46.30416666666667,22.666666666666668,753.875,25.474999999999998,16.229166666666668,88.70833333333333,0.18833333333333335,43.541666666666664,1.9770833333333335,73.375,47.791666666666664
2025-03-08,69.52083333333333,22.820833333333336,524.5,20.354166666666668,12.154166666666667,74.25,0.2608333333333333,91.875,1.96875,76.33333333333333,63.958333333333336
2025-03-09,59.275,27.7375,619.2916666666666,28.662499999999998,18.370833333333334,84.79166666666667,0.21291666666666667,57.0,1.825,84.54166666666667,65.79166666666667
2025-03-10,45.24583333333334,25.429166666666664,697.9583333333334,34.199999999999996,17.775000000000002,60.416666666666664,0.14291666666666666,34.958333333333336,2.0770833333333334,82.29166666666667,62.541666666666664
2025-03-11,32.1,22.558333333333334,680.5,36.829166666666666,17.516666666666666,60.625,0.10375000000000001,15.833333333333334,2.0375,77.66666666666667,59.416666666666664
2025-03-12,26.891666666666666,18.25,524.0416666666666,25.204166666666666,13.645833333333334,63.291666666666664,0.12708333333333335,13.083333333333334,2.0541666666666667,68.29166666666667,44.75
2025-03-13,30.537499999999998,15.5875,412.25,16.537499999999998,10.516666666666667,81.95833333333333,0.22875,25.583333333333332,1.9979166666666668,58.458333333333336,38.25
2025-03-14,66.83749999999999,24.5625,344.6666666666667,12.870833333333332,10.200000000000001,89.33333333333333,0.3491666666666667,77.58333333333333,1.7395833333333333,64.08333333333333,47.708333333333336
2025-03-15,66.58749999999999,28.854166666666668,450.9583333333333,16.570833333333333,14.783333333333333,103.66666666666667,0.24583333333333335,68.95833333333333,1.875,93.08333333333333,70.25
2025-03-16,64.0,26.395833333333332,509.25,20.941666666666666,14.987499999999999,99.125,0.235,64.04166666666667,1.9604166666666665,88.04166666666667,65.41666666666667
2025-03-17,58.99166666666667,29.108333333333334,574.875,35.00833333333333,19.070833333333333,70.95833333333333,0.225,52.666666666666664,1.9229166666666666,89.75,65.41666666666667
2025-03-18,37.199999999999996,16.533333333333335,644.0833333333334,21.308333333333334,13.770833333333334,82.45833333333333,0.15333333333333335,35.291666666666664,2.120833333333333,72.54166666666667,56.291666666666664
2025-03-19,26.8,14.370833333333332,442.25,17.658333333333335,11.604166666666666,81.66666666666667,0.14791666666666667,19.541666666666668,2.1145833333333335,56.5,38.041666666666664
2025-03-20,28.849999999999998,15.920833333333334,445.0,17.7,13.733333333333334,85.79166666666667,0.19958333333333333,21.041666666666668,1.9395833333333332,63.875,40.333333333333336
2025-03-21,34.7875,18.316666666666666,540.0,18.6125,13.954166666666666,91.33333333333333,0.20666666666666667,28.75,2.1645833333333333,68.16666666666667,43.291666666666664
2025-03-22,42.42916666666667,20.875,501.2916666666667,19.816666666666666,12.958333333333334,90.20833333333333,0.17833333333333334,37.083333333333336,2.183333333333333,67.70833333333333,46.166666666666664
2025-03-23,18.599999999999998,13.85,468.5416666666667,22.545833333333334,13.870833333333332,84.79166666666667,0.09166666666666667,6.541666666666667,2.36875,66.75,43.166666666666664
2025-03-24,12.154166666666667,9.916666666666666,394.7083333333333,19.766666666666666,12.0625,84.45833333333333,0.11416666666666668,2.75,2.2312499999999997,54.25,36.708333333333336
2025-03-25,19.575,13.979166666666666,329.4583333333333,17.2625,12.970833333333333,82.375,0.15208333333333332,5.083333333333333,2.2104166666666667,49.291666666666664,35.916666666666664
2025-03-26,28.179166666666664,15.883333333333333,349.8333333333333,14.945833333333333,11.604166666666666,105.04166666666667,0.26916666666666667,18.083333333333332,2.1708333333333334,71.45833333333333,44.625
2025-03-27,82.35833333333333,27.170833333333334,414.9583333333333,14.679166666666667,11.095833333333333,110.91666666666667,0.24875,94.29166666666667,2.2312499999999997,73.29166666666667,55.916666666666664
2025-03-28,93.35833333333333,27.454166666666666,549.2916666666666,22.608333333333334,16.412499999999998,108.95833333333333,0.23291666666666666,120.95833333333333,2.1979166666666665,96.33333333333333,75.625
2025-03-29,55.916666666666664,28.587500000000002,776.4166666666666,34.61666666666667,15.804166666666667,88.79166666666667,0.17041666666666666,47.833333333333336,2.3583333333333334,98.5,73.20833333333333
2025-03-30,38.6,21.579166666666666,530.7083333333334,23.03333333333333,18.866666666666667,117.54166666666667,0.15083333333333335,28.375,2.2958333333333334,96.79166666666667,60.291666666666664
2025-03-31,38.50833333333333,19.0,627.3333333333334,22.583333333333332,15.954166666666667,93.54166666666667,0.13458333333333333,33.833333333333336,2.3833333333333333,73.70833333333333,46.666666666666664
2025-04-01,62.512499999999996,25.320833333333336,588.625,27.433333333333334,18.483333333333334,89.66666666666667,0.22416666666666665,66.0,2.183333333333333,79.70833333333333,55.041666666666664
2025-04-02,44.02916666666667,25.825,689.0,34.99583333333333,21.745833333333334,80.70833333333333,0.18083333333333332,30.708333333333332,2.2270833333333333,91.04166666666667,64.75
2025-04-03,37.300000000000004,22.545833333333334,571.5,29.1375,16.508333333333333,83.125,0.19375,22.916666666666668,2.2708333333333335,81.70833333333333,58.666666666666664
2025-04-04,29.087500000000002,18.879166666666666,646.0833333333334,26.40416666666667,16.266666666666666,99.375,0.2354166666666667,16.75,2.1895833333333337,85.875,50.708333333333336
2025-04-05,14.7125,11.245833333333332,402.2916666666667,18.0625,11.4,90.375,0.19166666666666665,3.9583333333333335,2.2958333333333334,63.375,41.833333333333336
2025-04-06,28.695833333333336,12.245833333333332,348.625,13.516666666666666,8.983333333333333,96.0,0.2041666666666667,29.375,2.310416666666667,50.0,40.166666666666664
2025-04-07,21.34583333333333,13.295833333333334,390.5,14.65,9.612499999999999,96.0,0.22791666666666666,10.458333333333334,2.2895833333333333,55.25,40.416666666666664
2025-04-08,37.69166666666667,22.745833333333334,450.5833333333333,20.5625,13.458333333333334,82.83333333333333,0.22166666666666668,21.083333333333332,2.38125,65.20833333333333,43.541666666666664
2025-04-09,41.84166666666667,21.045833333333334,449.9583333333333,21.412499999999998,13.758333333333333,74.95833333333333,0.23416666666666666,33.458333333333336,2.3916666666666666,72.875,52.583333333333336
2025-04-10,35.22083333333333,17.1625,308.375,15.816666666666668,12.120833333333332,80.375,0.31625,27.833333333333332,2.2687500000000003,63.916666666666664,43.458333333333336
2025-04-11,47.68333333333334,22.391666666666666,347.2083333333333,14.529166666666667,11.020833333333334,82.58333333333333,0.3545833333333333,42.041666666666664,2.1875,66.58333333333333,46.166666666666664
2025-04-12,48.38333333333333,21.641666666666666,379.5416666666667,15.112499999999999,10.75,87.83333333333333,0.2704166666666667,45.0,2.3666666666666667,74.41666666666667,60.291666666666664
2025-04-13,32.270833333333336,15.762500000000001,294.4166666666667,10.575000000000001,9.8125,78.58333333333333,0.24625,25.958333333333332,2.375,61.166666666666664,41.166666666666664
2025-04-14,29.429166666666664,15.954166666666666,287.1666666666667,10.450000000000001,9.195833333333333,76.16666666666667,0.2975,20.125,2.3354166666666667,57.666666666666664,34.833333333333336
2025-04-15,37.0,17.745833333333334,279.7083333333333,10.483333333333333,9.954166666666667,76.95833333333333,0.32458333333333333,31.166666666666668,2.40625,61.125,37.583333333333336
2025-04-16,41.791666666666664,18.662499999999998,281.8333333333333,9.9125,9.354166666666666,75.20833333333333,0.34041666666666665,39.083333333333336,2.370833333333333,63.666666666666664,42.625
2025-04-17,31.425,14.716666666666667,276.5416666666667,9.816666666666666,8.570833333333333,73.20833333333333,0.28250000000000003,26.75,2.4895833333333335,59.875,38.125
2025-04-18,37.516666666666666,17.254166666666666,269.9166666666667,9.375,9.674999999999999,92.91666666666667,0.22708333333333333,31.958333333333332,2.59375,59.916666666666664,40.958333333333336
2025-04-19,209.775,52.29583333333333,314.2083333333333,9.866666666666665,10.983333333333334,105.5,0.47750000000000004,299.3333333333333,2.127083333333333,82.0,70.08333333333333
2025-04-20,183.67499999999998,51.387499999999996,454.0,14.799999999999999,11.745833333333332,99.625,0.38375000000000004,254.5,2.2166666666666663,152.95833333333334,134.91666666666666
2025-04-21,135.11249999999998,45.1,471.9166666666667,18.116666666666667,15.545833333333334,100.91666666666667,0.32458333333333333,166.08333333333334,2.3291666666666666,127.375,102.75
2025-04-22,89.41666666666667,34.65,532.8333333333334,19.945833333333333,16.170833333333334,97.08333333333333,0.2654166666666667,101.625,2.410416666666667,117.66666666666667,84.5
2025-04-23,81.21249999999999,28.833333333333332,440.0416666666667,17.129166666666666,12.283333333333333,88.29166666666667,0.1925,95.79166666666667,2.6020833333333333,90.875,72.75
2025-04-24,44.59583333333333,20.900000000000002,383.5833333333333,14.533333333333333,11.075000000000001,96.0,0.23458333333333334,40.208333333333336,2.5020833333333337,81.33333333333333,65.70833333333333
2025-04-25,54.17083333333333,22.504166666666666,405.2083333333333,14.720833333333333,11.479166666666666,86.33333333333333,0.25625000000000003,55.041666666666664,2.4875,71.04166666666667,56.041666666666664
2025-04-26,69.31666666666666,25.849999999999998,369.7083333333333,18.104166666666668,12.700000000000001,96.16666666666667,0.33,78.33333333333333,2.2979166666666666,80.58333333333333,63.833333333333336
2025-04-27,71.2625,28.212500000000002,409.0416666666667,18.658333333333335,11.758333333333333,79.54166666666667,0.30041666666666667,76.45833333333333,2.5208333333333335,85.04166666666667,70.29166666666667
2025-04-28,47.9,22.233333333333334,367.8333333333333,15.362499999999999,10.283333333333333,83.0,0.26,44.541666666666664,2.5479166666666666,79.20833333333333,64.29166666666667
2025-04-29,20.395833333333332,13.508333333333333,322.3333333333333,12.870833333333332,8.758333333333333,90.45833333333333,0.23291666666666666,8.25,2.6104166666666666,62.958333333333336,43.458333333333336
2025-04-30,24.425,14.645833333333334,294.75,11.112499999999999,8.870833333333334,82.08333333333333,0.26625000000000004,14.0,2.475,55.125,34.791666666666664
2025-05-01,25.241666666666664,15.679166666666667,282.0833333333333,10.008333333333335,9.066666666666666,81.79166666666667,0.37333333333333335,12.125,2.3958333333333335,56.166666666666664,34.75
2025-05-02,27.354166666666668,16.495833333333334,271.1666666666667,10.395833333333334,9.570833333333333,77.54166666666667,0.5095833333333334,13.958333333333334,2.13125,58.708333333333336,35.208333333333336
2025-05-03,31.308333333333334,17.333333333333332,305.0833333333333,14.924999999999999,11.845833333333333,80.95833333333333,0.51375,20.5,2.15,62.083333333333336,40.458333333333336
2025-05-04,30.883333333333336,18.741666666666667,351.4583333333333,14.0625,11.095833333333333,82.45833333333333,0.47708333333333336,15.5,2.2645833333333334,62.208333333333336,40.208333333333336
2025-05-05,69.09166666666667,25.96666666666667,525.5,17.5125,14.516666666666666,84.375,0.7433333333333333,73.04166666666667,1.4895833333333333,68.58333333333333,49.541666666666664
2025-05-06,93.61666666666667,36.06666666666667,492.625,25.5625,21.879166666666666,83.16666666666667,0.6204166666666667,103.625,1.8291666666666666,100.91666666666667,74.0
2025-05-07,53.84166666666667,21.8875,397.125,15.641666666666666,21.220833333333335,74.66666666666667,0.4695833333333333,55.083333333333336,2.2125,88.58333333333333,70.20833333333333
2025-05-08,47.04583333333333,21.325,313.5416666666667,18.995833333333334,17.208333333333332,53.791666666666664,0.4504166666666667,42.333333333333336,2.3000000000000003,71.125,56.625
2025-05-09,70.41250000000001,28.429166666666664,341.0,16.466666666666665,18.016666666666666,63.166666666666664,0.67625,75.83333333333333,1.945833333333333,76.91666666666667,63.375
2025-05-10,69.45,29.583333333333332,275.8333333333333,13.6,16.879166666666666,70.54166666666667,0.6008333333333333,71.04166666666667,2.1437500000000003,85.75,67.875
2025-05-11,77.57083333333334,33.90833333333333,259.2916666666667,10.458333333333334,13.245833333333332,77.08333333333333,0.52125,77.83333333333333,2.3125,88.29166666666667,68.16666666666667
2025-05-12,75.21249999999999,30.666666666666668,240.25,9.25,12.079166666666666,86.66666666666667,0.4879166666666667,78.66666666666667,2.3000000000000003,102.625,73.54166666666667
2025-05-13,37.4375,19.645833333333332,244.75,9.6875,12.200000000000001,85.41666666666667,0.4608333333333334,27.666666666666668,2.21875,72.375,54.333333333333336
2025-05-14,45.25833333333333,22.504166666666666,294.3333333333333,12.629166666666668,13.304166666666667,83.0,0.44083333333333335,36.458333333333336,2.404166666666667,69.16666666666667,47.291666666666664
2025-05-15,44.94166666666666,21.754166666666666,314.8333333333333,15.566666666666668,13.670833333333334,80.66666666666667,0.36000000000000004,37.708333333333336,2.5500000000000003,73.25,53.416666666666664
2025-05-16,37.31666666666667,19.516666666666666,289.0,14.470833333333333,12.35,72.83333333333333,0.29625,26.708333333333332,2.64375,69.0,47.333333333333336
2025-05-17,37.87083333333333,18.412499999999998,250.20833333333334,12.541666666666666,13.095833333333333,66.04166666666667,0.24958333333333335,30.375,2.704166666666667,64.66666666666667,39.666666666666664
2025-05-18,33.737500000000004,16.883333333333333,256.0833333333333,11.8125,14.391666666666666,62.083333333333336,0.23083333333333333,26.0,2.8229166666666665,63.125,38.541666666666664
2025-05-19,40.045833333333334,18.474999999999998,222.625,11.391666666666666,13.004166666666668,58.125,0.5116666666666666,35.041666666666664,2.3312500000000003,60.25,35.166666666666664
2025-05-20,69.88333333333334,23.045833333333334,208.41666666666666,8.483333333333333,12.091666666666667,62.625,0.5654166666666667,83.20833333333333,2.1770833333333335,68.875,55.416666666666664
2025-05-21,105.09583333333335,27.40833333333333,218.95833333333334,8.9125,13.270833333333334,70.20833333333333,0.45208333333333334,145.875,2.525,76.95833333333333,75.20833333333333
2025-05-22,83.22500000000001,22.941666666666666,221.79166666666666,10.112499999999999,12.887500000000001,65.29166666666667,0.32083333333333336,110.29166666666667,2.720833333333333,80.45833333333333,79.79166666666667
2025-05-23,54.175000000000004,18.754166666666666,211.66666666666666,10.4625,11.433333333333332,64.83333333333333,0.24541666666666664,63.875,2.920833333333333,68.70833333333333,67.20833333333333
2025-05-24,57.24583333333334,21.72083333333333,209.125,8.737499999999999,11.541666666666666,67.70833333333333,0.32666666666666666,62.5,2.6666666666666665,65.33333333333333,61.416666666666664
2025-05-25,68.5625,27.670833333333334,213.08333333333334,8.670833333333333,11.591666666666667,67.08333333333333,0.43083333333333335,71.83333333333333,2.5124999999999997,77.20833333333333,65.29166666666667
2025-05-26,62.32083333333333,28.395833333333332,222.375,10.029166666666667,12.158333333333333,67.33333333333333,0.50375,58.416666666666664,2.472916666666667,84.95833333333333,66.41666666666667
2025-05-27,47.43333333333334,22.8625,211.83333333333334,8.291666666666666,10.674999999999999,66.54166666666667,0.5308333333333334,40.541666666666664,2.4229166666666666,79.0,61.458333333333336
2025-05-28,67.37916666666666,26.77916666666667,275.0833333333333,11.329166666666666,12.9125,75.5,0.62625,73.33333333333333,2.245833333333333,76.58333333333333,60.833333333333336
2025-05-29,126.78750000000001,33.958333333333336,386.5,12.829166666666666,12.762500000000001,94.66666666666667,0.6141666666666666,186.0,2.1479166666666667,88.58333333333333,74.5
2025-05-30,149.11666666666665,38.17916666666667,256.9166666666667,9.083333333333334,7.695833333333333,97.95833333333333,0.6241666666666666,210.29166666666666,2.2958333333333334,104.5,99.375
2025-05-31,136.88333333333333,35.00416666666667,234.41666666666666,7.0625,8.3375,87.79166666666667,0.60875,195.04166666666666,2.2270833333333333,101.58333333333333,94.66666666666667
2025-06-01,141.975,36.333333333333336,289.375,9.583333333333334,9.345833333333333,83.0,0.54625,201.91666666666666,2.2687500000000003,98.25,94.625
2025-06-02,188.15833333333333,43.34166666666667,253.58333333333334,8.979166666666666,10.191666666666666,82.91666666666667,0.6379166666666667,276.5,2.125,110.66666666666667,105.75
2025-06-03,90.02083333333333,29.6125,245.875,8.170833333333333,9.275,82.83333333333333,0.5525,109.33333333333333,2.3520833333333333,106.45833333333333,100.29166666666667
2025-06-04,84.20416666666667,29.2,217.625,8.666666666666666,11.15,77.0,0.4975,97.125,2.35,91.0,75.91666666666667
2025-06-05,72.89583333333333,24.416666666666668,211.5,8.991666666666667,11.854166666666666,67.16666666666667,0.43583333333333335,83.20833333333333,2.375,79.29166666666667,70.79166666666667
2025-06-06,65.8125,25.3875,197.25,8.575000000000001,11.825000000000001,68.875,0.3941666666666666,68.75,2.4375,78.04166666666667,68.20833333333333
2025-06-07,67.27083333333333,24.308333333333334,187.375,7.904166666666666,10.4,70.29166666666667,0.3129166666666667,75.45833333333333,2.6020833333333333,78.125,66.66666666666667
2025-06-08,53.30416666666667,21.95,194.0,7.708333333333333,10.495833333333334,75.75,0.28708333333333336,53.75,2.5875,72.45833333333333,63.416666666666664
2025-06-09,50.145833333333336,22.554166666666664,191.08333333333334,8.104166666666666,10.4375,71.125,0.2833333333333333,45.791666666666664,2.716666666666667,73.45833333333333,61.291666666666664
2025-06-10,48.1875,20.770833333333332,196.45833333333334,7.070833333333333,9.775,71.29166666666667,0.4254166666666667,46.291666666666664,2.408333333333333,68.83333333333333,55.458333333333336
2025-06-11,48.083333333333336,21.537499999999998,199.83333333333334,7.541666666666667,10.495833333333334,70.04166666666667,0.4495833333333333,44.541666666666664,2.5,69.875,58.458333333333336
2025-06-12,35.604166666666664,17.558333333333334,197.125,8.095833333333333,10.933333333333332,67.625,0.42625,28.333333333333332,2.5083333333333333,67.70833333333333,46.291666666666664
2025-06-13,52.88333333333333,20.1625,242.125,10.700000000000001,12.420833333333334,71.625,0.56125,57.25,2.1687499999999997,61.791666666666664,44.916666666666664
2025-06-14,105.69583333333333,31.058333333333334,308.8333333333333,13.820833333333333,14.579166666666666,77.125,0.7279166666666667,136.875,1.8812499999999999,77.25,69.91666666666667
2025-06-15,126.3625,34.050000000000004,339.3333333333333,15.8125,14.825000000000001,70.83333333333333,0.78375,171.875,2.0187500000000003,95.29166666666667,88.58333333333333
2025-06-16,117.09583333333335,40.545833333333334,339.5,27.645833333333332,27.733333333333334,74.91666666666667,0.8224999999999999,145.875,1.4604166666666665,106.41666666666667,89.08333333333333
2025-06-17,100.62083333333334,33.025,289.4583333333333,16.291666666666668,14.987499999999999,70.875,0.7200000000000001,128.875,2.1020833333333333,107.04166666666667,85.83333333333333
2025-06-18,47.85833333333333,22.0,214.45833333333334,7.2749999999999995,10.433333333333334,73.20833333333333,0.5287499999999999,42.125,2.2916666666666665,81.58333333333333,67.75
2025-06-19,48.395833333333336,20.3625,197.91666666666666,6.083333333333333,8.154166666666667,65.625,0.5170833333333333,46.75,2.095833333333333,69.625,55.458333333333336
2025-06-20,50.9625,21.158333333333335,224.66666666666666,7.508333333333333,8.612499999999999,63.333333333333336,0.7079166666666666,47.625,1.508333333333333,67.25,57.083333333333336
2025-06-21,43.6,20.054166666666667,226.25,8.362499999999999,9.966666666666667,61.916666666666664,0.8091666666666667,37.208333333333336,1.4874999999999998,69.375,57.958333333333336
2025-06-22,57.23333333333333,23.133333333333336,245.125,10.458333333333334,11.758333333333333,64.91666666666667,0.82,58.416666666666664,1.5520833333333333,69.83333333333333,53.958333333333336
2025-06-23,64.375,26.604166666666668,241.33333333333334,11.012500000000001,13.112499999999999,66.0,1.0366666666666666,63.166666666666664,1.3083333333333333,75.66666666666667,63.5
2025-06-24,85.29583333333333,30.3125,260.9166666666667,10.979166666666666,14.112499999999999,68.25,0.9025,97.5,1.9666666666666668,86.79166666666667,70.5
2025-06-25,83.03333333333333,32.25,367.2083333333333,16.304166666666667,17.129166666666666,66.16666666666667,0.8429166666666666,87.625,2.00625,91.91666666666667,74.16666666666667
2025-06-26,96.22500000000001,30.058333333333334,409.625,17.104166666666668,18.091666666666665,56.25,0.945,119.0,1.3083333333333333,91.91666666666667,76.0
2025-06-27,71.84166666666667,34.27916666666667,502.0416666666667,26.825,20.9375,69.58333333333333,1.0216666666666667,67.5,0.9083333333333333,88.25,73.20833333333333
2025-06-28,46.74583333333334,23.020833333333332,436.8333333333333,16.845833333333335,14.379166666666668,79.58333333333333,0.6991666666666667,43.833333333333336,0.7166666666666667,87.79166666666667,63.916666666666664
2025-06-29,26.429166666666664,15.125,332.5416666666667,16.441666666666666,14.920833333333334,67.66666666666667,0.3229166666666667,19.125,2.2729166666666667,67.70833333333333,44.166666666666664
2025-06-30,61.583333333333336,24.412499999999998,257.3333333333333,12.254166666666668,11.012500000000001,57.125,0.73875,64.125,1.7166666666666668,65.66666666666667,47.458333333333336
2025-07-01,56.770833333333336,23.420833333333334,246.5,10.929166666666667,10.816666666666668,53.875,1.0133333333333334,55.666666666666664,1.4500000000000002,73.70833333333333,62.75
2025-07-02,68.82083333333334,23.075,250.08333333333334,11.520833333333334,11.950000000000001,53.458333333333336,0.9270833333333334,79.79166666666667,1.4312500000000001,73.08333333333333,64.33333333333333
2025-07-03,84.2375,27.691666666666666,322.25,16.370833333333334,16.462500000000002,48.791666666666664,0.9029166666666667,101.625,1.125,78.79166666666667,71.04166666666667
2025-07-04,84.57916666666667,29.058333333333334,286.5416666666667,16.554166666666667,15.9,50.625,0.6895833333333333,96.91666666666667,1.5291666666666668,84.04166666666667,73.25
2025-07-05,93.98333333333333,33.27916666666667,242.29166666666666,11.195833333333333,12.741666666666667,68.16666666666667,0.7391666666666666,108.20833333333333,1.9416666666666667,91.91666666666667,76.70833333333333
2025-07-06,77.71249999999999,27.9875,228.54166666666666,11.658333333333333,12.558333333333332,69.58333333333333,0.74125,86.125,1.7979166666666666,88.66666666666667,74.125
2025-07-07,92.66666666666667,33.829166666666666,313.7916666666667,19.412499999999998,19.599999999999998,60.5,0.6129166666666667,105.41666666666667,1.1583333333333334,91.16666666666667,73.95833333333333
2025-07-08,100.04583333333333,34.800000000000004,312.8333333333333,16.554166666666667,17.958333333333332,70.5,0.6716666666666667,116.83333333333333,1.9020833333333333,95.45833333333333,77.70833333333333
2025-07-09,91.84583333333335,32.604166666666664,265.25,15.475,15.379166666666665,58.5,1.1754166666666668,105.20833333333333,1.1375,97.70833333333333,79.625
2025-07-10,99.40416666666665,32.37916666666667,270.4166666666667,16.195833333333333,14.887500000000001,53.833333333333336,1.2983333333333333,119.45833333333333,1.0395833333333333,92.54166666666667,76.91666666666667
2025-07-11,76.96666666666667,27.9875,259.0416666666667,15.391666666666666,15.208333333333334,52.5,1.1541666666666666,84.875,1.1604166666666667,91.70833333333333,76.70833333333333
2025-07-12,73.87083333333334,25.47083333333333,233.08333333333334,12.762500000000001,12.85,55.458333333333336,1.3254166666666667,85.16666666666667,0.8229166666666666,80.5,70.04166666666667
2025-07-13,79.7625,24.620833333333334,223.625,9.770833333333334,11.295833333333334,60.5,1.1312499999999999,97.20833333333333,1.2145833333333333,76.58333333333333,69.625
2025-07-14,85.36666666666667,25.212500000000002,220.0,9.0375,11.220833333333333,64.66666666666667,0.9829166666666667,110.16666666666667,1.5374999999999999,77.45833333333333,73.375
2025-07-15,82.0625,29.287499999999998,234.16666666666666,11.591666666666667,13.304166666666667,59.916666666666664,1.0225000000000002,92.33333333333333,1.4104166666666667,81.79166666666667,73.875
2025-07-16,74.47083333333333,27.858333333333334,242.875,11.620833333333332,12.483333333333334,56.375,0.995,78.75,1.45,86.45833333333333,71.75
2025-07-17,76.37916666666666,28.15833333333333,254.875,11.320833333333333,13.8375,54.916666666666664,1.0433333333333332,84.66666666666667,1.1937499999999999,85.75,70.625
2025-07-18,68.875,26.008333333333336,248.54166666666666,10.5625,14.491666666666667,56.125,0.71875,74.58333333333333,1.4708333333333332,80.79166666666667,68.08333333333333
2025-07-19,66.14583333333333,25.041666666666668,206.91666666666666,8.566666666666666,12.645833333333334,56.833333333333336,0.8595833333333333,72.375,1.3,78.41666666666667,67.33333333333333
2025-07-20,65.22500000000001,25.316666666666666,250.625,10.904166666666667,13.908333333333333,50.916666666666664,0.7720833333333333,69.08333333333333,0.7916666666666666,77.91666666666667,66.125
2025-07-21,67.70833333333333,28.558333333333334,264.4166666666667,13.316666666666668,14.475,54.333333333333336,0.7845833333333333,68.125,1.20625,80.08333333333333,66.125
2025-07-22,66.30416666666666,27.454166666666666,232.04166666666666,10.641666666666667,11.883333333333333,56.5,0.66625,68.08333333333333,1.7291666666666667,86.0,67.20833333333333
2025-07-23,60.1625,23.741666666666664,221.70833333333334,8.137500000000001,8.920833333333333,57.708333333333336,0.8675,63.833333333333336,1.4020833333333333,79.0,65.75
2025-07-24,63.44583333333333,25.8875,246.29166666666666,9.0875,10.7125,60.666666666666664,0.8341666666666666,66.25,1.6812500000000001,75.625,63.958333333333336
2025-07-25,65.19166666666666,24.270833333333332,249.625,10.270833333333334,11.829166666666666,60.375,0.8358333333333333,70.41666666666667,1.46875,79.0,65.29166666666667
2025-07-26,72.40416666666667,26.391666666666666,233.20833333333334,9.4625,11.404166666666667,64.0,0.8825,80.5,1.3854166666666667,77.58333333333333,67.875
2025-07-27,67.94583333333334,26.162499999999998,222.95833333333334,9.295833333333333,11.329166666666666,63.25,0.9308333333333333,69.75,1.3395833333333333,82.41666666666667,69.375
2025-07-28,68.54583333333333,22.391666666666666,218.33333333333334,7.966666666666666,9.741666666666667,61.0,0.9329166666666667,80.29166666666667,1.4520833333333334,75.41666666666667,66.54166666666667
2025-07-29,53.97083333333333,20.337500000000002,202.20833333333334,7.175,8.362499999999999,59.375,0.8183333333333334,55.458333333333336,1.5916666666666668,69.91666666666667,65.16666666666667
2025-07-30,65.79166666666667,24.4875,222.75,8.391666666666667,9.8375,59.166666666666664,0.8229166666666666,70.66666666666667,1.2958333333333332,71.0,62.583333333333336
2025-07-31,74.75416666666666,26.920833333333334,252.25,11.120833333333332,12.0625,56.25,1.01625,81.625,1.20625,80.25,69.375
2025-08-01,59.18333333333334,23.212500000000002,244.04166666666666,11.012500000000001,11.120833333333332,52.958333333333336,0.9474999999999999,58.75,1.3458333333333332,77.29166666666667,65.83333333333333
2025-08-02,62.00416666666666,21.645833333333332,230.83333333333334,11.820833333333333,10.674999999999999,50.666666666666664,0.9520833333333334,68.91666666666667,0.6062500000000001,73.25,64.79166666666667
2025-08-03,60.43333333333334,20.679166666666667,233.45833333333334,9.7,10.933333333333332,57.5,0.7933333333333333,70.41666666666667,1.4625000000000001,69.375,64.41666666666667
2025-08-04,49.76666666666667,18.120833333333334,218.04166666666666,10.079166666666667,10.35,55.333333333333336,0.6733333333333333,52.416666666666664,1.75,64.95833333333333,61.833333333333336
2025-08-05,47.26666666666667,19.229166666666668,223.375,9.683333333333334,9.233333333333333,53.041666666666664,0.7220833333333334,48.041666666666664,1.33125,63.708333333333336,57.666666666666664
2025-08-06,50.0625,20.9375,246.95833333333334,9.4,9.970833333333333,53.5,0.6625,46.291666666666664,1.5125,67.33333333333333,56.375
2025-08-07,50.68333333333334,21.566666666666666,251.0,10.825000000000001,11.083333333333334,52.708333333333336,0.6016666666666667,48.125,1.7291666666666667,70.33333333333333,60.208333333333336
2025-08-08,42.59166666666667,18.650000000000002,223.04166666666666,8.7125,9.754166666666666,53.666666666666664,0.5720833333333334,39.416666666666664,1.7562499999999999,68.20833333333333,54.666666666666664
2025-08-09,39.275,17.291666666666668,212.125,8.820833333333333,10.091666666666667,50.25,0.59375,35.458333333333336,1.5541666666666665,61.666666666666664,40.875
2025-08-10,43.3125,19.412499999999998,214.25,8.879166666666666,10.341666666666667,50.208333333333336,0.6095833333333333,39.875,1.8208333333333335,63.083333333333336,41.375
2025-08-11,46.84166666666667,19.3875,223.33333333333334,8.9125,9.237499999999999,45.708333333333336,0.5895833333333333,45.5,1.3020833333333333,66.33333333333333,51.625
2025-08-12,39.62083333333333,18.741666666666667,223.95833333333334,8.512500000000001,8.941666666666666,46.375,0.6120833333333333,32.5,1.397916666666667,64.625,47.0
2025-08-13,46.5875,21.433333333333334,265.4166666666667,11.166666666666666,11.808333333333332,47.791666666666664,0.82,39.583333333333336,0.9354166666666667,68.375,45.583333333333336
2025-08-14,50.8375,21.78333333333333,396.2083333333333,17.958333333333332,16.391666666666666,41.166666666666664,0.6620833333333334,48.416666666666664,1.2604166666666667,70.58333333333333,57.416666666666664
2025-08-15,69.17083333333333,27.40416666666667,471.875,20.954166666666666,20.900000000000002,53.25,0.5141666666666667,73.25,1.6354166666666667,75.95833333333333,63.958333333333336
2025-08-16,64.25833333333334,27.879166666666666,323.1666666666667,21.208333333333332,21.791666666666668,61.458333333333336,0.5179166666666667,65.29166666666667,2.285416666666667,83.66666666666667,67.33333333333333
2025-08-17,46.9,23.041666666666668,329.4166666666667,17.591666666666665,18.483333333333334,62.25,0.5420833333333334,40.875,2.252083333333333,78.45833333333333,61.875
2025-08-18,40.166666666666664,25.504166666666666,470.4583333333333,21.620833333333334,19.537499999999998,72.0,0.5541666666666667,24.375,1.9895833333333333,80.79166666666667,57.75
2025-08-19,45.56666666666666,28.008333333333336,416.625,26.825,18.354166666666668,64.29166666666667,0.705,31.458333333333332,0.9375,79.79166666666667,60.791666666666664
2025-08-20,35.725,29.1125,1137.5833333333333,23.25,13.683333333333332,86.91666666666667,0.73,12.083333333333334,1.8291666666666666,89.91666666666667,63.125
2025-08-21,31.395833333333332,25.754166666666666,1403.3333333333333,33.170833333333334,19.0,54.125,0.6316666666666667,10.208333333333334,0.7083333333333334,87.20833333333333,63.541666666666664
2025-08-22,32.24583333333333,24.766666666666666,359.25,26.224999999999998,17.6125,67.45833333333333,0.48,11.75,1.6854166666666668,80.41666666666667,60.875
2025-08-23,50.76666666666667,25.2625,254.25,10.4,9.512500000000001,57.958333333333336,0.7062499999999999,43.541666666666664,1.4333333333333333,73.58333333333333,52.208333333333336
2025-08-24,55.6625,22.133333333333336,250.45833333333334,10.825000000000001,9.708333333333334,52.375,0.7054166666666667,58.208333333333336,1.4312500000000001,74.54166666666667,61.083333333333336
2025-08-25,65.05416666666666,22.370833333333334,297.4583333333333,13.983333333333334,12.879166666666668,47.708333333333336,0.965,74.33333333333333,0.8562500000000001,71.08333333333333,63.833333333333336
2025-08-26,85.5,26.599999999999998,334.2916666666667,16.224999999999998,13.700000000000001,44.875,0.91125,102.375,1.2604166666666667,75.83333333333333,69.125
2025-08-27,73.57916666666667,27.650000000000002,306.4166666666667,15.629166666666668,13.429166666666667,48.875,0.7979166666666666,81.625,1.6854166666666668,83.58333333333333,73.45833333333333
2025-08-28,73.41250000000001,29.275000000000002,291.5833333333333,13.825000000000001,13.404166666666667,54.0,0.7616666666666667,77.625,1.8770833333333332,82.875,68.25
2025-08-29,90.24583333333334,33.40416666666667,324.375,14.9375,13.858333333333333,55.583333333333336,0.83625,100.79166666666667,1.8083333333333333,90.79166666666667,72.5
2025-08-30,100.82916666666667,39.37916666666667,324.875,18.287499999999998,16.016666666666666,54.416666666666664,0.8595833333333333,109.625,1.5770833333333334,104.0,79.16666666666667
2025-08-31,78.93333333333334,28.8,252.04166666666666,13.920833333333334,13.066666666666668,53.041666666666664,0.7829166666666666,88.83333333333333,1.6729166666666666,100.375,76.79166666666667
2025-09-01,54.770833333333336,22.866666666666664,222.04166666666666,10.729166666666666,9.929166666666667,54.708333333333336,0.6979166666666666,53.916666666666664,1.66875,76.91666666666667,66.45833333333333
2025-09-02,54.75416666666666,25.9375,253.79166666666666,12.4125,11.5625,55.083333333333336,0.7425,47.041666666666664,1.5854166666666665,75.70833333333333,61.375
2025-09-03,65.41250000000001,31.433333333333334,271.25,17.037499999999998,14.158333333333333,51.708333333333336,0.6545833333333334,56.041666666666664,1.9416666666666667,86.25,64.25
2025-09-04,63.97083333333333,26.90416666666667,254.70833333333334,15.195833333333333,14.516666666666666,54.791666666666664,0.6275000000000001,63.583333333333336,1.9437499999999999,87.625,66.20833333333333
2025-09-05,54.362500000000004,25.9875,254.16666666666666,12.858333333333334,13.116666666666667,61.208333333333336,0.6679166666666667,48.125,1.9333333333333333,78.66666666666667,63.333333333333336
2025-09-06,54.925000000000004,27.070833333333336,229.33333333333334,13.066666666666668,11.933333333333332,56.333333333333336,0.7183333333333333,47.458333333333336,1.7958333333333334,82.25,62.25
2025-09-07,44.362500000000004,23.166666666666668,231.83333333333334,12.145833333333334,11.5,55.25,0.5966666666666667,33.625,1.8125,77.04166666666667,57.041666666666664
2025-09-08,50.0625,25.77916666666667,315.7916666666667,18.337500000000002,13.170833333333334,46.458333333333336,0.5720833333333334,40.541666666666664,0.8958333333333334,77.41666666666667,58.791666666666664
2025-09-09,35.512499999999996,21.208333333333332,313.8333333333333,25.483333333333334,13.004166666666668,38.458333333333336,0.3175,23.708333333333332,0.21041666666666667,78.125,58.458333333333336
2025-09-10,35.375,18.320833333333333,381.7916666666667,21.604166666666668,11.858333333333333,34.875,0.3441666666666667,27.541666666666668,0.7833333333333333,60.75,34.375
2025-09-11,32.97083333333333,17.204166666666666,398.5,19.620833333333334,13.129166666666668,35.583333333333336,0.41291666666666665,25.5,1.34375,67.16666666666667,41.333333333333336
2025-09-12,26.412499999999998,14.370833333333332,330.4166666666667,16.412499999999998,12.270833333333334,36.166666666666664,0.34375,18.333333333333332,1.8770833333333332,55.583333333333336,29.25
2025-09-13,23.47083333333333,13.704166666666666,310.2083333333333,16.316666666666666,12.85,37.791666666666664,0.3154166666666667,14.291666666666666,1.7520833333333332,55.0,28.916666666666668
2025-09-14,21.537499999999998,12.504166666666668,248.25,12.083333333333334,10.933333333333332,41.875,0.27625,12.333333333333334,1.5979166666666667,52.0,26.041666666666668
2025-09-15,25.15833333333333,13.608333333333334,236.66666666666666,9.775,9.012500000000001,41.333333333333336,0.395,16.916666666666668,1.275,51.416666666666664,25.416666666666668
2025-09-16,36.78333333333333,16.933333333333334,264.5,11.979166666666666,9.679166666666667,39.583333333333336,0.5920833333333334,31.208333333333332,0.9395833333333333,55.458333333333336,30.083333333333332
2025-09-17,60.02916666666667,22.879166666666666,353.2083333333333,16.9375,13.991666666666667,40.791666666666664,0.5666666666666667,63.583333333333336,1.0604166666666666,66.75,50.958333333333336
2025-09-18,77.60000000000001,27.025000000000002,344.5833333333333,19.724999999999998,14.387500000000001,44.416666666666664,0.50125,89.79166666666667,1.6416666666666666,77.0,66.5
2025-09-19,90.99583333333334,28.474999999999998,316.5,19.391666666666666,13.783333333333333,40.75,0.54125,110.91666666666667,1.39375,84.83333333333333,75.08333333333333
2025-09-20,77.69166666666666,26.504166666666666,301.7916666666667,20.0,13.170833333333334,36.5,0.5108333333333334,94.54166666666667,1.2604166666666667,83.5,73.95833333333333
2025-09-21,70.12083333333334,24.224999999999998,262.25,17.1375,12.5625,39.916666666666664,0.49625,81.41666666666667,1.04375,79.29166666666667,70.375
2025-09-22,48.9625,20.029166666666665,239.95833333333334,12.816666666666668,11.241666666666667,47.5,0.41958333333333336,49.25,1.2354166666666666,71.91666666666667,64.25
2025-09-23,38.5375,18.2,231.54166666666666,12.245833333333332,10.858333333333334,47.583333333333336,0.34875000000000006,33.25,1.3125,62.833333333333336,43.541666666666664
2025-09-24,50.916666666666664,21.9375,271.0833333333333,14.512500000000001,11.299999999999999,42.625,0.4320833333333333,46.458333333333336,0.8708333333333332,67.83333333333333,49.083333333333336
2025-09-25,56.81666666666666,25.354166666666668,339.9166666666667,18.2375,14.258333333333333,42.666666666666664,0.51625,54.25,1.0979166666666667,73.70833333333333,61.458333333333336
2025-09-26,58.487500000000004,29.854166666666668,404.625,23.866666666666664,17.533333333333335,48.166666666666664,0.45875,46.958333333333336,1.6541666666666668,85.58333333333333,64.16666666666667
2025-09-27,35.625,22.287499999999998,323.8333333333333,22.166666666666668,17.2375,53.916666666666664,0.24958333333333335,21.666666666666668,2.0395833333333333,79.45833333333333,58.625
2025-09-28,43.00833333333333,24.854166666666668,271.3333333333333,17.691666666666666,14.641666666666666,59.958333333333336,0.30333333333333334,31.5,1.9854166666666666,71.25,49.666666666666664
2025-09-29,47.025,31.879166666666666,556.2916666666666,25.816666666666666,14.383333333333333,77.70833333333333,0.3541666666666667,27.291666666666668,1.8104166666666668,88.45833333333333,62.958333333333336
2025-09-30,42.391666666666666,30.162499999999998,855.75,33.387499999999996,14.595833333333333,66.0,0.4404166666666667,22.291666666666668,1.4604166666666665,97.20833333333333,67.375
2025-10-01,17.516666666666666,16.533333333333335,617.7083333333334,13.691666666666668,9.108333333333333,77.91666666666667,0.21666666666666667,1.9583333333333333,1.9854166666666668,75.0,53.958333333333336
2025-10-02,15.154166666666667,11.966666666666667,573.4583333333334,11.674999999999999,8.1625,67.70833333333333,0.20291666666666666,5.0,1.8645833333333333,53.416666666666664,32.208333333333336
2025-10-03,12.737499999999999,9.299999999999999,503.0416666666667,10.9125,7.891666666666667,58.958333333333336,0.19291666666666665,5.958333333333333,1.3708333333333333,41.666666666666664,24.208333333333332
2025-10-04,19.787499999999998,13.583333333333334,505.6666666666667,16.216666666666665,10.875,45.25,0.24625,9.333333333333334,1.1729166666666666,46.583333333333336,23.375
2025-10-05,21.070833333333333,14.512500000000001,322.5416666666667,12.879166666666668,11.0,57.833333333333336,0.2816666666666667,7.375,1.6812500000000001,55.166666666666664,30.208333333333332
2025-10-06,119.35000000000001,33.579166666666666,276.5,9.345833333333333,8.854166666666666,78.625,0.4283333333333333,159.875,1.6958333333333335,69.04166666666667,53.166666666666664
2025-10-07,148.92083333333332,36.733333333333334,528.4166666666666,17.283333333333335,14.004166666666668,67.41666666666667,0.4345833333333333,209.875,1.5729166666666667,98.625,92.91666666666667
2025-10-08,119.3625,41.6,613.4166666666666,33.19166666666667,22.320833333333336,56.625,0.4945833333333334,139.875,1.4541666666666666,115.91666666666667,99.5
2025-10-09,100.59583333333335,40.53333333333333,629.625,30.0125,21.095833333333335,61.458333333333336,0.46541666666666665,108.25,1.5104166666666667,115.5,84.54166666666667
2025-10-10,81.70416666666667,38.858333333333334,582.5,27.383333333333336,19.224999999999998,68.375,0.43,77.66666666666667,1.5354166666666667,108.625,76.20833333333333
2025-10-11,74.15416666666667,41.454166666666666,727.3333333333334,27.458333333333332,19.733333333333334,74.16666666666667,0.45208333333333334,57.875,1.4979166666666668,112.20833333333333,72.54166666666667
2025-10-12,60.275,38.38333333333333,582.9166666666666,24.299999999999997,18.883333333333333,86.0,0.3541666666666667,39.916666666666664,1.5979166666666667,113.79166666666667,71.70833333333333
2025-10-13,52.0,38.28333333333333,603.5833333333334,22.254166666666666,16.25,88.95833333333333,0.31833333333333336,24.208333333333332,1.6312499999999999,109.08333333333333,71.25
2025-10-14,43.958333333333336,35.1625,526.7916666666666,22.579166666666666,16.2625,90.625,0.25958333333333333,15.208333333333334,1.6229166666666668,108.45833333333333,70.58333333333333
2025-10-15,33.61666666666667,29.354166666666668,524.125,21.59166666666667,16.016666666666666,99.33333333333333,0.20666666666666667,6.958333333333333,1.6333333333333335,99.04166666666667,65.54166666666667
2025-10-16,32.487500000000004,29.2,637.5,25.170833333333334,18.537499999999998,101.625,0.21916666666666665,5.625,1.5958333333333332,97.54166666666667,64.45833333333333
2025-10-17,38.979166666666664,32.479166666666664,693.5416666666666,30.995833333333334,19.995833333333334,99.45833333333333,0.18583333333333332,11.416666666666666,1.6208333333333333,103.375,66.375
2025-10-18,38.512499999999996,32.4125,739.125,31.21666666666667,21.337500000000002,101.04166666666667,0.19208333333333336,10.416666666666666,1.5791666666666666,103.83333333333333,66.54166666666667
2025-10-19,35.05416666666667,27.483333333333334,621.5833333333334,26.75,19.0,92.875,0.21541666666666667,13.291666666666666,1.5645833333333332,96.66666666666667,64.70833333333333
2025-10-20,30.433333333333334,24.108333333333334,595.75,28.604166666666668,18.008333333333333,89.66666666666667,0.2275,11.666666666666666,1.5229166666666665,86.58333333333333,60.875
2025-10-21,40.35,33.78333333333333,886.6666666666666,37.333333333333336,19.933333333333334,77.95833333333333,0.32583333333333336,12.125,1.4020833333333333,85.54166666666667,61.791666666666664
2025-10-22,43.60833333333333,36.170833333333334,702.25,32.324999999999996,16.120833333333334,91.83333333333333,0.3383333333333333,13.875,1.5083333333333335,108.25,70.625
2025-10-23,49.90416666666667,38.770833333333336,902.75,43.895833333333336,18.191666666666666,82.25,0.28250000000000003,21.375,1.4937500000000001,106.375,69.33333333333333
2025-10-24,41.85,36.704166666666666,1223.25,52.9625,21.520833333333332,75.66666666666667,0.21583333333333332,9.916666666666666,1.51875,111.375,70.41666666666667
2025-10-25,31.0,27.224999999999998,1102.4166666666667,36.4,14.6875,84.54166666666667,0.19625,7.333333333333333,1.5708333333333335,100.66666666666667,67.08333333333333
2025-10-26,25.675,22.8125,571.2916666666666,19.075,11.345833333333333,100.79166666666667,0.19499999999999998,5.458333333333333,1.6104166666666666,81.95833333333333,57.041666666666664
2025-10-27,28.954166666666666,24.958333333333332,506.5416666666667,13.75,10.783333333333333,105.16666666666667,0.23291666666666666,7.458333333333333,1.58125,78.41666666666667,56.375
2025-10-28,41.329166666666666,34.65,500.4583333333333,11.387500000000001,13.058333333333332,115.04166666666667,0.34791666666666665,12.5,1.3729166666666668,91.54166666666667,63.458333333333336
2025-10-29,39.09583333333333,35.025,469.7916666666667,12.0625,11.470833333333333,100.20833333333333,0.26166666666666666,7.458333333333333,1.5,108.20833333333333,71.0
2025-10-30,36.166666666666664,31.920833333333334,464.75,15.208333333333334,11.091666666666667,91.91666666666667,0.29833333333333334,7.416666666666667,1.4854166666666666,89.625,64.20833333333333
2025-10-31,68.83333333333333,55.725,929.0416666666666,28.833333333333332,19.462500000000002,89.0,0.45083333333333336,25.333333333333332,1.3020833333333333,107.125,70.58333333333333
2025-11-01,82.17916666666666,72.42083333333333,1176.8333333333333,50.03333333333333,24.84166666666667,68.66666666666667,0.43416666666666665,18.416666666666668,1.25625,157.91666666666666,96.375
2025-11-02,61.37916666666666,54.9,963.5,43.21666666666667,26.945833333333336,70.54166666666667,0.31708333333333333,11.875,1.3395833333333333,155.58333333333334,92.91666666666667
2025-11-03,56.49166666666667,33.170833333333334,710.7916666666666,23.4375,14.116666666666667,60.375,0.22583333333333333,40.041666666666664,1.352083333333333,115.625,73.33333333333333
2025-11-04,45.041666666666664,28.037499999999998,452.875,22.21666666666667,12.620833333333335,69.41666666666667,0.2325,29.625,1.34375,88.125,63.958333333333336
2025-11-05,44.78333333333333,31.833333333333332,984.6666666666666,35.858333333333334,13.616666666666667,65.5,0.18458333333333332,23.083333333333332,1.4041666666666666,82.16666666666667,61.625
2025-11-06,67.56666666666666,52.15,1097.2916666666667,48.85,26.75,73.125,0.29541666666666666,27.25,1.325,124.79166666666667,76.29166666666667
2025-11-07,61.50833333333333,43.666666666666664,796.4583333333334,34.07083333333333,19.537499999999998,74.08333333333333,0.2941666666666667,30.583333333333332,1.2645833333333334,132.79166666666666,78.91666666666667
2025-11-08,55.75,42.44583333333333,936.0833333333334,30.425,17.962500000000002,73.25,0.22208333333333333,21.458333333333332,1.3333333333333333,114.41666666666667,73.125
2025-11-09,70.74583333333334,43.541666666666664,1460.0416666666667,38.6875,22.979166666666668,51.333333333333336,0.21125000000000002,43.375,1.3062500000000001,124.54166666666667,76.20833333333333
2025-11-10,48.025,35.012499999999996,1276.0,41.15416666666667,23.079166666666666,53.375,0.21416666666666664,19.041666666666668,1.3,106.83333333333333,70.58333333333333
2025-11-11,48.5,41.225,1232.25,47.512499999999996,30.45,55.958333333333336,0.19416666666666668,9.625,1.28125,110.375,71.58333333333333
2025-11-12,37.895833333333336,31.22083333333333,819.25,39.43333333333333,25.2375,65.45833333333333,0.18041666666666667,9.75,1.2874999999999999,101.66666666666667,68.54166666666667
2025-11-13,38.175000000000004,27.47083333333333,778.9166666666666,29.77916666666667,25.400000000000002,79.125,0.1729166666666667,17.791666666666668,1.3062500000000001,89.79166666666667,63.333333333333336
2025-11-14,34.762499999999996,27.645833333333332,808.125,33.6,23.962500000000002,68.91666666666667,0.13166666666666668,12.666666666666666,1.325,87.20833333333333,62.958333333333336
2025-11-15,34.15833333333333,29.575,875.0833333333334,40.05416666666667,25.224999999999998,64.83333333333333,0.135,8.0,1.2854166666666667,86.16666666666667,62.75
2025-11-16,31.495833333333334,30.929166666666664,1228.5833333333333,46.45416666666667,24.375,71.125,0.12666666666666668,0.8333333333333334,1.3208333333333333,90.58333333333333,63.791666666666664
2025-11-17,34.69583333333333,34.166666666666664,1008.7083333333334,48.020833333333336,33.00833333333333,79.75,0.13916666666666666,1.0416666666666667,1.2645833333333334,104.16666666666667,67.45833333333333
2025-11-18,44.12083333333334,41.9125,781.0,42.604166666666664,32.34583333333333,78.58333333333333,0.18833333333333332,3.0416666666666665,1.2666666666666666,112.25,70.70833333333333
2025-11-19,44.0875,41.47083333333333,810.9583333333334,40.725,30.620833333333334,73.75,0.23916666666666667,3.25,1.1958333333333333,117.91666666666667,73.625
2025-11-20,36.725,35.56666666666667,801.4166666666666,31.7625,30.129166666666666,84.16666666666667,0.24125,0.7083333333333334,1.1729166666666666,111.16666666666667,70.33333333333333
2025-11-21,40.987500000000004,40.09166666666667,956.5416666666666,41.766666666666666,33.3125,72.08333333333333,0.23583333333333334,0.9583333333333334,1.1770833333333333,105.75,68.875
2025-11-22,59.1625,55.25833333333333,1009.5416666666666,43.88333333333333,30.608333333333334,80.20833333333333,0.34625,7.0,1.0458333333333334,130.04166666666666,77.70833333333333
2025-11-23,72.97500000000001,65.78333333333333,1134.4583333333333,48.74583333333334,33.47083333333333,68.58333333333333,0.40208333333333335,13.291666666666666,1.0604166666666666,153.75,90.125
2025-11-24,51.737500000000004,48.92083333333333,1151.0833333333333,48.59583333333333,25.587500000000002,60.666666666666664,0.28125,5.166666666666667,1.125,148.625,85.95833333333333
2025-11-25,40.37916666666667,38.791666666666664,720.4583333333334,25.945833333333336,19.0625,90.625,0.3045833333333333,2.875,1.05,121.16666666666667,75.125
2025-11-26,39.612500000000004,38.550000000000004,862.375,26.620833333333334,18.625,92.25,0.33375,1.7916666666666667,1.0520833333333333,111.83333333333333,72.20833333333333
2025-11-27,34.63333333333333,33.675000000000004,617.7083333333334,16.075,16.183333333333334,103.5,0.33208333333333334,1.6666666666666667,1.0541666666666667,98.58333333333333,67.79166666666667
2025-11-28,38.52916666666667,37.541666666666664,704.5,16.441666666666666,20.420833333333334,111.29166666666667,0.3529166666666667,1.625,1.05,97.95833333333333,67.54166666666667
2025-11-29,41.7125,40.77916666666667,797.2916666666666,19.541666666666668,23.712500000000002,112.625,0.3183333333333333,1.5416666666666667,1.0395833333333333,113.16666666666667,72.54166666666667
2025-11-30,36.275,35.729166666666664,915.2916666666666,32.06666666666667,28.129166666666666,92.375,0.32625,0.9583333333333334,1.0270833333333333,107.16666666666667,70.5
2025-12-01,34.975,30.058333333333334,1097.625,42.7125,23.47083333333333,54.916666666666664,0.16708333333333333,8.708333333333334,1.1458333333333333,96.83333333333333,67.20833333333333
2025-12-02,49.65,40.03333333333333,1257.2083333333333,49.76666666666667,35.854166666666664,62.791666666666664,0.18541666666666667,16.0,1.10625,91.375,64.95833333333333
2025-12-03,27.224999999999998,25.770833333333332,664.0,24.370833333333334,15.7875,85.66666666666667,0.16041666666666668,2.75,1.1229166666666666,102.45833333333333,68.875
2025-12-04,26.675,25.925,752.25,19.908333333333335,17.474999999999998,90.04166666666667,0.16708333333333333,1.4166666666666667,1.09375,79.45833333333333,60.583333333333336
2025-12-05,22.229166666666668,22.045833333333334,1134.6666666666667,27.53333333333333,18.358333333333334,78.375,0.15,0.16666666666666666,1.0854166666666667,75.0,54.875
2025-12-06,25.195833333333336,25.0,720.2916666666666,21.17083333333333,14.9,80.75,0.23958333333333334,0.08333333333333333,0.9125,71.29166666666667,49.958333333333336
2025-12-07,45.925000000000004,45.60833333333333,928.0833333333334,33.69583333333333,22.0125,70.75,0.22333333333333336,0.5416666666666666,0.9541666666666666,104.66666666666667,69.5
2025-12-08,30.2375,29.925,931.7083333333334,31.891666666666666,16.7625,71.25,0.13333333333333333,0.625,1.0416666666666667,110.625,71.625
2025-12-09,29.224999999999998,27.791666666666668,1244.1666666666667,34.025,23.858333333333334,74.75,0.1416666666666667,2.75,1.075,81.33333333333333,61.625
2025-12-10,30.1125,29.770833333333332,1229.4166666666667,49.17916666666667,32.229166666666664,56.333333333333336,0.10625,0.08333333333333333,1.1041666666666667,89.20833333333333,64.08333333333333
2025-12-11,28.983333333333334,25.579166666666666,1121.5,42.104166666666664,26.47083333333333,62.375,0.08541666666666665,2.9166666666666665,1.1333333333333333,82.54166666666667,62.0
2025-12-12,29.633333333333336,26.545833333333334,842.625,39.916666666666664,21.71666666666667,54.666666666666664,0.11041666666666666,2.75,1.0666666666666667,82.29166666666667,61.708333333333336
2025-12-13,25.375,23.233333333333334,936.625,34.67916666666667,21.3625,60.958333333333336,0.09500000000000001,0.7083333333333334,1.1125,75.91666666666667,57.0
2025-12-14,40.604166666666664,37.125,1077.875,47.24166666666667,31.766666666666666,56.291666666666664,0.2004166666666667,4.583333333333333,1.0333333333333334,80.54166666666667,60.541666666666664
2025-12-15,61.24583333333334,57.43333333333334,924.2916666666666,28.724999999999998,20.383333333333333,85.95833333333333,0.39291666666666664,7.041666666666667,0.9354166666666667,138.83333333333334,81.91666666666667
2025-12-16,52.82083333333333,50.30416666666667,957.1666666666666,13.916666666666666,20.054166666666667,107.375,0.25666666666666665,4.708333333333333,1.0479166666666666,140.66666666666666,81.54166666666667
2025-12-17,52.26666666666667,50.112500000000004,1051.6666666666667,23.375,25.28333333333333,99.04166666666667,0.2625,3.875,1.0083333333333333,141.70833333333334,81.79166666666667
2025-12-18,45.95416666666667,43.39166666666667,1180.125,40.0875,32.2875,82.91666666666667,0.315,4.916666666666667,0.9208333333333334,114.25,72.58333333333333
2025-12-19,51.73333333333333,49.458333333333336,1752.4166666666667,47.074999999999996,30.170833333333334,81.29166666666667,0.30624999999999997,4.291666666666667,0.9916666666666667,131.16666666666666,78.375
2025-12-20,61.26666666666667,59.300000000000004,1492.625,54.958333333333336,34.94583333333333,72.75,0.3283333333333333,3.4166666666666665,0.9145833333333333,149.91666666666666,86.5
2025-12-21,44.0375,33.987500000000004,952.7083333333334,32.949999999999996,19.479166666666668,58.708333333333336,0.22333333333333336,16.666666666666668,0.9166666666666666,132.83333333333334,79.16666666666667
2025-12-22,46.13333333333333,35.30416666666667,787.5,35.916666666666664,20.666666666666668,64.79166666666667,0.2816666666666667,18.75,0.9958333333333332,79.25,58.5
2025-12-23,57.987500000000004,53.18333333333334,800.9583333333334,22.46666666666667,22.962500000000002,91.375,0.3204166666666667,8.75,0.9958333333333335,141.83333333333334,83.20833333333333
2025-12-24,44.75833333333333,38.00833333333333,861.875,34.44166666666667,21.7,72.08333333333333,0.165,12.625,1.0208333333333333,108.66666666666667,71.125
2025-12-25,47.15833333333333,44.01666666666667,972.8333333333334,46.87916666666666,36.737500000000004,61.916666666666664,0.23708333333333334,5.75,0.9187500000000001,121.04166666666667,75.08333333333333
2025-12-26,42.454166666666666,39.86666666666667,964.4583333333334,38.3375,32.71666666666667,63.708333333333336,0.24833333333333332,4.208333333333333,1.0208333333333333,113.125,72.70833333333333
2025-12-27,51.541666666666664,49.38333333333333,954.75,55.15833333333333,32.5,69.41666666666667,0.3020833333333333,3.6666666666666665,0.9458333333333333,122.375,75.375
2025-12-28,41.775,41.166666666666664,974.7916666666666,49.137499999999996,33.55833333333333,70.45833333333333,0.25416666666666665,0.9166666666666666,0.9645833333333335,121.66666666666667,75.375
2025-12-29,47.6,46.64166666666667,1040.875,37.49583333333333,33.362500000000004,83.45833333333333,0.4079166666666667,1.625,0.8958333333333334,128.45833333333334,77.45833333333333
2025-12-30,48.90416666666667,46.458333333333336,1119.875,27.979166666666668,20.529166666666665,75.75,0.5754166666666667,2.5833333333333335,0.7125,127.0,77.125
2025-12-31,31.6375,20.204166666666666,627.9166666666666,26.504166666666666,15.195833333333333,65.16666666666667,0.1975,18.333333333333332,1.0020833333333334,95.45833333333333,63.791666666666664
2026-01-01,64.73333333333333,50.875,951.375,41.083333333333336,23.554166666666664,62.208333333333336,0.3345833333333333,24.625,0.9666666666666667,89.91666666666667,60.291666666666664
2026-01-02,78.375,56.69583333333333,1000.8333333333334,45.854166666666664,27.075,62.458333333333336,0.4579166666666667,39.958333333333336,0.94375,149.25,84.91666666666667
2026-01-03,67.83333333333333,53.375,1212.7916666666667,48.01666666666667,30.704166666666666,67.125,0.37083333333333335,26.041666666666668,1.0354166666666667,149.125,84.375
2026-01-04,97.14583333333333,60.01666666666667,1132.5833333333333,41.80833333333333,30.441666666666666,64.29166666666667,0.29333333333333333,66.91666666666667,1.0479166666666666,151.625,87.70833333333333
2026-01-05,87.31666666666666,57.57916666666667,1032.9583333333333,48.15416666666667,29.891666666666666,71.625,0.35625,52.0,1.0250000000000001,147.66666666666666,84.375
2026-01-06,46.18333333333334,38.0875,743.8333333333334,20.400000000000002,14.166666666666666,91.33333333333333,0.2870833333333333,14.875,1.0625,137.875,80.66666666666667
2026-01-07,46.30416666666667,41.40833333333333,648.1666666666666,15.154166666666667,14.575000000000001,99.58333333333333,0.27,8.958333333333334,1.075,115.33333333333333,73.375
2026-01-08,31.166666666666668,30.03333333333333,687.25,16.170833333333334,13.674999999999999,97.04166666666667,0.19125,1.9583333333333333,1.0583333333333333,100.95833333333333,68.54166666666667
2026-01-09,25.34583333333333,23.974999999999998,917.0,24.6875,16.358333333333334,89.29166666666667,0.16458333333333333,2.2916666666666665,1.1083333333333334,81.29166666666667,61.125
2026-01-10,30.325,28.8125,940.875,27.641666666666666,20.875,89.58333333333333,0.18166666666666667,2.7083333333333335,1.10625,76.04166666666667,54.666666666666664
2026-01-11,37.68333333333333,35.56666666666667,784.5,20.099999999999998,15.2875,90.04166666666667,0.19791666666666666,3.7916666666666665,1.0729166666666667,99.875,68.08333333333333
2026-01-12,52.32916666666667,50.06666666666666,1271.4166666666667,40.40833333333334,25.5625,87.5,0.21791666666666668,3.7916666666666665,1.0375,110.58333333333333,71.66666666666667
2026-01-13,44.46666666666667,42.84583333333333,1513.9166666666667,46.77916666666667,26.570833333333336,70.66666666666667,0.22083333333333333,3.0,1.0875000000000001,130.66666666666666,78.20833333333333
2026-01-14,49.112500000000004,42.520833333333336,1540.3333333333333,41.22083333333333,21.8875,54.916666666666664,0.22125000000000003,10.958333333333334,1.125,131.5,78.54166666666667
2026-01-15,40.770833333333336,33.80416666666667,1272.9166666666667,37.291666666666664,19.0625,57.041666666666664,0.14291666666666666,7.541666666666667,1.1083333333333332,97.58333333333333,67.41666666666667
2026-01-16,49.57083333333333,40.30416666666667,1285.7083333333333,45.645833333333336,22.120833333333334,48.583333333333336,0.1991666666666667,12.208333333333334,1.0125,112.70833333333333,72.58333333333333
2026-01-17,55.887499999999996,29.3875,600.5833333333334,25.870833333333334,14.275,70.29166666666667,0.2704166666666667,46.583333333333336,1.03125,91.875,65.375
2026-01-18,55.262499999999996,33.37916666666667,1092.5416666666667,29.675,22.97083333333333,68.04166666666667,0.27625,37.291666666666664,1.0208333333333333,90.95833333333333,64.91666666666667
2026-01-19,86.97500000000001,41.36666666666667,1207.0,32.67916666666667,20.545833333333334,60.875,0.34833333333333333,82.08333333333333,1.0270833333333333,105.75,70.875
2026-01-20,61.51666666666667,33.0375,1233.625,28.820833333333336,18.516666666666666,61.875,0.22624999999999998,49.583333333333336,1.0916666666666666,102.45833333333333,69.625
2026-01-21,45.04583333333333,29.645833333333332,895.0,31.891666666666666,21.145833333333332,62.666666666666664,0.22124999999999997,25.958333333333332,1.1604166666666667,90.70833333333333,64.91666666666667
2026-01-22,59.34583333333333,30.3,758.7083333333334,31.516666666666666,15.954166666666666,55.125,0.34041666666666665,50.583333333333336,0.7125,92.04166666666667,65.45833333333333
2026-01-23,114.62916666666666,34.104166666666664,397.2916666666667,19.870833333333334,16.787499999999998,69.16666666666667,0.13625,142.70833333333334,1.1708333333333334,87.0,74.625
2026-01-24,53.32916666666667,25.991666666666664,522.4166666666666,23.47083333333333,11.766666666666666,65.91666666666667,0.14791666666666667,48.541666666666664,1.1624999999999999,97.83333333333333,77.54166666666667
2026-01-25,23.504166666666666,20.320833333333333,581.4166666666666,12.154166666666667,10.987499999999999,88.79166666666667,0.24041666666666664,5.75,1.14375,67.45833333333333,46.041666666666664
2026-01-26,27.083333333333332,25.525000000000002,577.0416666666666,22.71666666666667,20.170833333333334,93.29166666666667,0.26875,2.7916666666666665,1.08125,75.41666666666667,53.625
2026-01-27,23.958333333333332,19.1375,745.0416666666666,23.429166666666664,25.483333333333334,83.58333333333333,0.13999999999999999,8.458333333333334,1.2541666666666667,72.83333333333333,51.208333333333336
2026-01-28,38.358333333333334,34.766666666666666,1053.4583333333333,44.55833333333334,25.0625,62.916666666666664,0.1691666666666667,5.708333333333333,1.26875,83.16666666666667,59.541666666666664
2026-01-29,32.800000000000004,25.441666666666666,752.9583333333334,32.391666666666666,15.866666666666667,69.625,0.16541666666666668,14.291666666666666,1.2,94.20833333333333,66.29166666666667
2026-01-30,31.516666666666666,23.8,701.2916666666666,29.683333333333334,18.008333333333333,83.875,0.15291666666666667,15.166666666666666,1.3125,71.95833333333333,49.625
2026-01-31,41.516666666666666,34.82083333333333,850.375,34.4125,24.05,83.875,0.22916666666666666,12.208333333333334,1.2291666666666667,97.75,65.625
2026-02-01,50.67083333333333,31.224999999999998,862.625,28.804166666666664,18.575,71.83333333333333,0.20541666666666666,34.458333333333336,1.2625,95.20833333333333,66.375
2026-02-02,53.725,37.47083333333333,807.2916666666666,37.170833333333334,16.879166666666666,61.958333333333336,0.26625,30.333333333333332,1.2104166666666667,93.04166666666667,65.91666666666667
2026-02-03,66.03333333333333,44.27916666666667,871.2916666666666,38.62916666666667,16.5125,64.29166666666667,0.2791666666666667,39.916666666666664,1.2729166666666667,110.58333333333333,71.79166666666667
2026-02-04,40.295833333333334,29.316666666666666,655.4583333333334,26.329166666666666,12.595833333333333,76.29166666666667,0.18083333333333332,21.083333333333332,1.3541666666666667,115.91666666666667,73.41666666666667
2026-02-05,45.97083333333333,39.65,831.1666666666666,30.145833333333332,19.020833333333332,85.33333333333333,0.21958333333333332,11.291666666666666,1.3541666666666667,86.83333333333333,63.291666666666664
2026-02-06,36.19166666666667,32.43333333333333,818.5416666666666,37.11666666666667,23.349999999999998,83.79166666666667,0.24,7.0,1.33125,112.0,70.95833333333333
2026-02-07,48.88333333333333,36.362500000000004,904.5416666666666,30.370833333333334,20.204166666666666,81.16666666666667,0.29125,22.166666666666668,1.28125,96.20833333333333,66.875
2026-02-08,61.916666666666664,48.854166666666664,965.8333333333334,40.02916666666667,25.620833333333334,69.91666666666667,0.32083333333333336,23.875,1.2458333333333333,125.0,76.58333333333333
2026-02-09,59.99166666666667,32.270833333333336,441.3333333333333,19.3875,12.129166666666668,63.833333333333336,0.2775,46.458333333333336,1.3458333333333332,108.58333333333333,71.04166666666667
2026-02-10,68.8125,33.65833333333333,545.5,21.7375,14.141666666666666,74.5,0.42625,61.625,1.0854166666666667,88.70833333333333,64.375
2026-02-11,60.77916666666667,46.875,689.5,29.912499999999998,17.474999999999998,79.08333333333333,0.37333333333333335,25.125,1.2750000000000001,124.125,76.125
2026-02-12,48.23333333333333,39.112500000000004,655.4583333333334,28.604166666666668,18.537499999999998,89.20833333333333,0.2654166666666667,16.166666666666668,1.3416666666666668,107.625,70.83333333333333
2026-02-13,56.47083333333333,44.21666666666667,905.9583333333334,40.291666666666664,26.05,69.95833333333333,0.28625,22.458333333333332,1.325,126.33333333333333,76.875
2026-02-14,32.59166666666667,25.787499999999998,739.2916666666666,28.245833333333334,18.820833333333333,67.45833333333333,0.15625,10.041666666666666,1.48125,93.95833333333333,65.95833333333333
2026-02-15,54.07083333333333,33.25833333333333,527.1666666666666,26.354166666666668,17.329166666666666,61.458333333333336,0.21125000000000002,34.125,1.4291666666666665,87.375,63.708333333333336
2026-02-16,52.175000000000004,31.879166666666666,458.2083333333333,22.866666666666664,14.079166666666666,65.45833333333333,0.2783333333333333,31.5,1.3541666666666667,98.16666666666667,67.79166666666667
2026-02-17,51.78333333333333,30.287499999999998,865.5416666666666,27.516666666666666,20.270833333333332,71.54166666666667,0.44875,35.0,1.2645833333333334,85.0,62.958333333333336
2026-02-18,51.07083333333333,31.0625,601.5416666666666,22.65833333333333,17.4875,96.45833333333333,0.4670833333333333,36.708333333333336,1.2916666666666667,91.45833333333333,64.41666666666667
